M1508.0 778.5C1506.7 775.3 1501.7 771.1 1499.4 771.2C1496.6 771.5 1497.4 773.8 1500.3 774.2C1503.1 774.6 1502.8 776.4 1499.8 776.8C1498.3 777.1 1496.9 776.3 1495.5 774.7C1493.2 771.8 1488.1 770.9 1485.6 772.9C1483.9 774.3 1483.9 774.3 1483.7 770.5C1483.6 768.6 1484.6 767.5 1488.4 765.5C1495.2 761.9 1496.3 762.2 1504.3 770.0C1514.4 779.9 1519.8 780.7 1519.2 772.2C1518.9 767.1 1520.4 763.0 1522.7 763.0C1525.0 762.9 1528.1 758.7 1527.1 757.1C1526.4 756.1 1525.9 756.1 1524.2 757.1C1520.8 759.2 1519.2 756.8 1522.5 754.6C1525.9 752.4 1528.1 752.9 1529.9 756.2C1531.3 758.7 1531.3 759.1 1529.3 761.2C1527.8 762.7 1527.3 764.3 1527.6 765.7C1528.3 768.2 1526.3 772.3 1524.9 771.4C1524.3 771.1 1524.1 769.7 1524.5 768.3C1524.9 766.5 1524.7 765.9 1523.8 766.2C1523.0 766.5 1522.5 768.5 1522.5 771.7C1522.5 778.8 1520.3 781.1 1513.7 780.8C1509.8 780.6 1508.6 780.1 1508.0 778.5Z
M1442.3 778.8C1441.9 778.1 1441.4 765.4 1441.3 750.5C1441.1 735.6 1440.7 719.4 1440.4 714.4C1439.9 706.9 1440.1 704.6 1441.5 701.6C1442.9 698.7 1443.1 696.9 1442.4 693.2C1441.3 686.6 1441.1 643.3 1442.2 638.8C1442.8 636.2 1442.6 632.3 1441.6 626.3C1440.6 620.3 1440.1 609.6 1440.0 593.0C1439.7 528.1 1439.0 496.1 1438.0 490.8C1436.4 482.2 1437.1 466.0 1439.2 464.7C1440.8 463.6 1471.2 478.1 1480.4 484.3C1482.3 485.6 1486.0 487.3 1488.6 488.0C1493.1 489.3 1493.4 489.3 1494.8 487.2C1496.5 484.6 1498.9 484.5 1506.7 486.5C1509.8 487.3 1516.5 488.0 1521.6 488.0C1530.3 488.0 1530.9 487.9 1532.4 485.5C1533.3 484.1 1534.5 483.2 1535.0 483.5C1536.6 484.5 1536.2 485.9 1533.5 488.5C1530.5 491.6 1517.0 492.0 1505.9 489.3C1499.1 487.7 1499.0 487.7 1496.7 489.8C1495.4 491.0 1493.6 492.0 1492.7 492.0C1490.1 492.0 1479.9 488.3 1478.1 486.6C1476.5 485.2 1441.7 467.0 1440.6 467.0C1439.6 467.0 1440.0 486.2 1441.1 491.0C1442.0 495.2 1442.7 534.4 1443.0 592.5C1443.0 608.8 1443.5 619.5 1444.6 625.7C1445.6 632.1 1445.8 636.1 1445.2 638.7C1444.1 643.3 1444.3 686.6 1445.5 693.3C1446.1 697.0 1445.9 698.9 1444.5 702.0C1443.1 705.2 1442.9 707.4 1443.4 714.7C1444.4 727.5 1444.7 779.0 1443.9 779.6C1443.5 779.8 1442.8 779.5 1442.3 778.8Z
M1367.2 776.8C1366.5 776.1 1364.5 775.5 1362.7 775.4C1357.0 775.1 1343.3 773.3 1342.2 772.6C1341.7 772.3 1338.8 771.8 1335.9 771.6C1329.0 771.1 1322.3 768.3 1323.9 766.7C1324.7 765.9 1326.0 765.9 1328.8 767.0C1330.8 767.7 1334.5 768.5 1337.0 768.7C1339.5 768.9 1342.6 769.4 1344.0 769.9C1346.4 770.8 1355.2 771.9 1363.2 772.3C1367.3 772.5 1371.1 775.3 1369.4 777.0C1368.7 777.7 1368.0 777.6 1367.2 776.8Z
M1289.0 776.0C1285.7 775.1 1282.8 774.7 1263.0 772.0C1258.9 771.4 1247.6 770.5 1238.0 770.0C1228.4 769.4 1215.1 768.5 1208.5 768.0C1187.1 766.3 1165.7 765.7 1163.0 766.9C1161.1 767.7 1162.0 767.8 1167.2 767.3C1174.3 766.7 1179.0 768.3 1179.0 771.5C1179.0 774.0 1176.8 774.3 1175.0 772.0C1173.5 770.0 1172.8 769.9 1166.9 770.5C1158.9 771.3 1154.7 769.1 1157.4 765.5C1158.7 763.6 1159.9 763.5 1176.2 763.6C1185.7 763.7 1199.8 764.2 1207.5 764.9C1215.2 765.5 1229.2 766.5 1238.5 767.0C1247.8 767.5 1258.9 768.4 1263.0 768.9C1285.8 771.9 1298.0 774.2 1298.3 775.5C1298.6 776.8 1293.4 777.1 1289.0 776.0Z
M1301.9 776.7C1301.8 776.3 1301.7 775.5 1301.6 774.8C1301.5 773.6 1297.3 772.7 1277.5 769.6C1219.9 760.5 1194.2 755.5 1189.2 752.2C1186.6 750.5 1186.5 750.0 1188.4 747.4C1189.8 745.6 1189.9 745.6 1190.8 748.1C1191.4 749.6 1192.6 751.0 1193.5 751.4C1195.8 752.3 1196.2 752.2 1195.5 750.9C1195.1 750.3 1196.4 748.2 1198.4 746.3C1201.8 742.8 1202.2 742.7 1205.7 743.8C1212.3 745.7 1218.2 746.9 1231.5 749.0C1258.5 753.3 1265.7 755.0 1264.5 757.0C1263.9 758.0 1259.8 757.5 1254.5 755.9C1252.8 755.4 1247.9 754.6 1243.5 754.0C1230.7 752.3 1210.1 748.4 1205.9 746.8C1203.7 746.0 1202.8 746.3 1200.0 748.8C1198.3 750.4 1197.2 752.0 1197.7 752.3C1198.9 753.0 1217.5 756.6 1235.0 759.5C1243.5 760.9 1254.5 762.7 1259.5 763.6C1264.5 764.4 1272.8 765.8 1278.0 766.6C1302.0 770.1 1307.4 772.0 1303.7 775.7C1302.8 776.7 1301.9 777.1 1301.9 776.7Z
M1311.7 776.3C1311.5 775.9 1311.6 769.4 1312.0 762.0C1312.4 754.6 1312.4 735.7 1312.1 720.0L1311.5 691.5L1311.0 710.3C1310.3 734.9 1308.7 735.2 1308.0 710.8C1307.7 700.7 1307.3 693.6 1307.0 695.0C1306.7 696.4 1306.6 705.6 1306.8 715.5C1307.0 725.4 1306.8 735.0 1306.3 736.9C1305.7 739.1 1305.8 742.3 1306.6 745.9C1307.7 751.3 1307.2 753.9 1305.2 752.6C1304.3 752.1 1302.7 742.8 1303.1 740.0C1303.2 739.2 1303.3 728.5 1303.4 716.3C1303.5 702.5 1304.0 693.2 1304.7 691.8C1305.3 690.5 1306.1 688.7 1306.4 687.6C1306.9 686.3 1307.7 685.9 1309.6 686.3L1312.2 686.8L1311.5 598.1C1311.1 547.0 1310.4 504.8 1309.8 498.5C1309.2 492.4 1308.6 485.4 1308.6 482.8C1308.5 477.5 1307.1 476.8 1301.3 479.1C1299.8 479.8 1292.9 480.6 1286.0 481.0C1279.1 481.4 1261.8 483.1 1247.5 484.8C1184.1 492.2 1183.7 492.2 1183.2 487.8C1182.7 483.7 1186.1 481.9 1192.7 482.7C1200.4 483.6 1199.4 481.9 1189.1 477.0C1183.7 474.4 1179.4 471.6 1178.1 469.9C1175.8 466.8 1173.1 466.3 1168.3 468.1C1162.2 470.4 1151.2 471.9 1147.6 470.9C1144.9 470.2 1143.2 470.3 1140.3 471.6C1137.9 472.6 1133.1 473.3 1127.4 473.5C1116.3 473.8 1115.4 474.3 1109.1 482.9C1104.3 489.5 1103.7 490.0 1095.8 493.0C1079.5 499.3 1076.5 502.1 1082.8 505.4C1087.0 507.6 1090.6 512.8 1088.4 513.7C1087.3 514.1 1086.2 513.6 1085.4 512.4C1083.8 510.0 1083.2 509.5 1079.8 506.9C1074.0 502.6 1078.9 494.8 1089.0 492.3C1094.7 490.9 1103.9 486.0 1105.1 483.8C1107.0 480.0 1113.0 473.1 1115.3 471.8C1116.5 471.2 1121.3 470.6 1126.0 470.6C1131.7 470.5 1136.1 469.8 1139.3 468.6C1143.2 467.0 1144.7 466.9 1147.8 467.8C1150.8 468.7 1153.1 468.5 1160.5 466.8C1175.7 463.3 1175.4 463.3 1179.8 467.5C1181.9 469.6 1187.4 473.1 1192.1 475.4C1198.4 478.5 1200.6 480.1 1200.8 481.7C1201.2 484.6 1197.8 486.4 1192.7 485.7C1188.5 485.1 1186.0 485.6 1186.0 487.1C1186.0 488.8 1188.6 488.6 1246.5 481.9C1261.3 480.1 1279.1 478.4 1286.0 478.0C1292.9 477.6 1299.8 476.8 1301.3 476.1C1302.9 475.5 1309.4 474.8 1315.8 474.6C1322.3 474.4 1332.0 473.5 1337.4 472.6C1342.9 471.7 1349.1 471.0 1351.2 471.0C1353.4 471.0 1356.1 470.5 1357.2 469.9C1358.4 469.3 1361.4 468.6 1363.9 468.5C1376.4 467.7 1384.3 467.0 1384.9 466.6C1385.8 466.0 1402.6 463.4 1414.0 462.0C1419.2 461.4 1426.3 460.4 1429.7 459.8C1433.1 459.3 1438.7 459.0 1442.2 459.3C1447.0 459.8 1447.5 459.7 1444.5 459.1C1442.3 458.6 1440.2 457.6 1439.7 456.8C1438.9 455.6 1437.4 455.6 1428.7 456.8C1419.2 458.1 1418.6 458.0 1416.8 456.2C1414.6 454.1 1407.7 455.2 1402.5 458.6C1397.3 462.0 1392.0 455.9 1396.8 451.8C1397.7 450.9 1400.3 449.9 1402.5 449.6C1411.6 448.0 1414.0 446.8 1417.5 441.9C1421.1 437.1 1422.9 435.9 1426.7 435.6C1427.9 435.5 1430.0 434.4 1431.3 433.2C1432.6 432.0 1434.4 431.0 1435.3 431.0C1436.2 431.0 1438.5 429.9 1440.4 428.6L1443.8 426.3L1435.5 426.3C1427.5 426.3 1427.0 426.4 1424.3 429.2C1422.8 430.9 1418.5 433.7 1414.9 435.5C1411.3 437.3 1407.2 440.3 1405.8 442.2C1402.9 445.9 1393.7 449.8 1391.7 448.2C1391.0 447.7 1383.3 447.0 1374.5 446.6C1365.7 446.2 1355.9 445.4 1352.7 444.7C1348.2 443.8 1346.5 443.9 1345.0 444.8C1342.3 446.4 1339.5 446.3 1335.8 444.4C1333.2 443.0 1331.6 443.0 1325.4 443.9C1320.5 444.6 1317.2 444.7 1315.5 444.0C1312.3 442.8 1299.1 442.1 1269.8 441.5C1257.3 441.3 1244.4 440.6 1241.1 439.9C1237.8 439.3 1233.4 439.0 1231.3 439.4C1229.2 439.7 1226.4 440.0 1225.0 439.9C1223.6 439.8 1221.6 439.8 1220.5 439.8C1219.4 439.8 1214.5 439.4 1209.5 438.8C1199.2 437.7 1193.9 437.3 1175.0 436.6C1154.3 435.8 1143.4 435.1 1133.5 434.0C1120.0 432.5 1109.9 434.5 1108.7 438.9C1108.1 441.4 1103.3 441.4 1102.0 438.9C1100.9 437.0 1102.2 435.4 1104.0 436.5C1104.5 436.8 1105.8 436.2 1107.0 435.0C1108.1 433.9 1109.9 433.0 1110.9 433.0C1112.0 433.0 1113.1 432.6 1113.4 432.1C1114.4 430.6 1124.3 430.1 1133.5 431.0C1144.2 432.1 1156.5 432.9 1175.5 433.6C1197.3 434.5 1199.9 434.7 1209.5 435.8C1214.5 436.4 1219.4 436.8 1220.5 436.8C1221.6 436.8 1223.6 436.8 1225.0 436.9C1226.4 437.0 1229.2 436.7 1231.3 436.4C1233.4 436.0 1237.8 436.3 1241.1 436.9C1244.4 437.6 1257.3 438.3 1269.8 438.5C1299.1 439.1 1312.3 439.8 1315.5 441.0C1317.2 441.7 1320.5 441.6 1325.4 440.9C1331.6 440.0 1333.2 440.0 1335.8 441.4C1339.5 443.3 1342.3 443.4 1345.0 441.8C1346.5 440.9 1348.2 440.8 1352.7 441.7C1355.9 442.4 1365.7 443.2 1374.5 443.6C1383.3 444.0 1391.1 444.7 1391.7 445.2C1393.7 446.8 1401.1 443.3 1404.4 439.4C1405.9 437.5 1410.0 434.5 1413.4 432.8C1416.7 431.1 1421.1 428.3 1423.1 426.5C1426.7 423.3 1426.9 423.2 1436.1 423.4C1443.2 423.5 1445.4 423.8 1445.2 424.8C1445.0 425.7 1445.7 425.7 1447.9 424.5C1453.1 421.9 1452.9 420.6 1447.3 421.4C1443.5 421.9 1442.0 421.7 1441.1 420.6C1439.4 418.6 1440.6 418.2 1449.0 418.4C1454.1 418.5 1458.0 418.0 1461.2 416.8C1464.4 415.6 1466.1 415.4 1466.6 416.1C1467.5 417.6 1466.2 418.5 1461.3 419.8C1459.0 420.5 1455.3 422.6 1453.0 424.5C1450.7 426.4 1448.4 428.0 1447.9 428.0C1447.4 428.0 1444.8 429.3 1442.2 431.0C1439.5 432.6 1436.6 434.0 1435.7 434.0C1434.8 434.0 1433.8 434.5 1433.4 435.2C1433.0 435.9 1433.1 436.0 1433.8 435.6C1435.8 434.4 1437.3 436.0 1435.9 437.7C1435.1 438.6 1433.6 439.0 1431.6 438.6C1427.3 437.9 1422.1 440.0 1420.2 443.2C1418.1 446.8 1419.1 447.5 1423.0 445.5C1425.6 444.2 1426.8 444.0 1428.7 444.9C1430.7 445.8 1431.2 445.7 1431.9 443.7C1432.9 441.1 1435.1 439.4 1452.0 428.3C1465.0 419.6 1465.5 419.4 1466.5 421.0C1466.8 421.5 1464.3 423.8 1460.8 426.0C1442.9 437.3 1435.8 442.6 1434.6 445.6C1433.2 448.7 1430.6 449.6 1428.3 447.8C1427.6 447.2 1426.0 447.5 1423.9 448.6C1421.3 449.9 1420.2 450.0 1418.7 449.1C1417.4 448.2 1416.5 448.2 1415.6 448.9C1414.9 449.5 1410.8 450.8 1406.4 451.8C1400.7 453.1 1398.4 454.0 1398.2 455.3C1397.7 457.6 1400.3 457.5 1402.5 455.0C1403.5 453.8 1405.6 453.0 1407.4 453.0C1409.1 452.9 1412.2 452.3 1414.2 451.6C1418.2 450.2 1419.2 450.4 1418.4 452.5C1418.1 453.2 1418.3 454.1 1418.8 454.4C1420.5 455.4 1437.4 452.8 1438.5 451.3C1439.5 450.0 1445.4 449.0 1454.0 448.7C1455.9 448.7 1458.0 448.0 1458.5 447.3C1459.2 446.4 1462.1 445.9 1467.5 445.9C1471.9 445.8 1479.1 445.2 1483.5 444.5C1507.4 440.6 1505.8 441.0 1505.3 438.9C1504.6 436.3 1508.2 432.5 1514.2 429.4C1516.7 428.1 1521.7 424.9 1525.2 422.2C1532.2 416.9 1534.7 415.6 1535.4 416.9C1536.2 418.1 1523.0 428.0 1514.9 432.4C1509.9 435.2 1508.1 436.7 1507.7 438.6C1507.3 441.1 1507.4 441.2 1511.9 440.7C1517.8 440.1 1522.1 439.4 1528.9 438.1C1533.9 437.1 1537.7 437.8 1535.3 439.3C1533.3 440.5 1519.0 443.1 1509.5 444.0C1504.0 444.5 1495.0 445.7 1489.5 446.6C1484.0 447.5 1476.8 448.4 1473.5 448.5C1458.5 449.1 1457.9 449.2 1456.9 451.8C1456.1 453.8 1455.7 454.0 1454.5 453.0C1453.5 452.1 1451.1 452.0 1446.5 452.5C1437.2 453.5 1436.8 455.0 1445.8 455.3C1449.9 455.4 1488.3 452.2 1491.5 451.4C1492.6 451.2 1497.1 450.6 1501.5 450.1C1505.9 449.6 1515.1 448.4 1521.9 447.5C1533.0 446.1 1538.4 446.4 1535.3 448.3C1534.5 448.8 1512.8 451.9 1509.0 452.1C1508.2 452.1 1508.6 452.6 1509.9 453.1C1511.4 453.7 1512.0 454.4 1511.4 455.0C1510.2 456.2 1482.3 459.8 1470.0 460.4C1464.8 460.7 1457.0 461.3 1452.7 461.9C1448.5 462.5 1443.0 462.7 1440.5 462.4C1438.1 462.0 1433.3 462.2 1429.8 462.8C1426.3 463.4 1419.5 464.4 1414.5 465.0C1398.4 467.0 1390.6 468.2 1387.5 469.1C1385.8 469.6 1381.3 470.2 1377.5 470.5C1363.6 471.4 1358.8 472.0 1357.0 473.0C1356.0 473.6 1353.3 474.0 1351.1 474.0C1348.9 474.0 1341.1 474.9 1333.8 476.1C1326.5 477.3 1318.2 478.0 1315.3 477.8C1310.8 477.4 1310.0 477.6 1310.4 478.9C1310.7 479.8 1311.1 482.8 1311.5 485.6L1312.1 490.7L1318.8 489.4C1330.9 487.2 1378.3 481.3 1411.0 478.0C1416.8 477.4 1424.1 476.5 1427.4 475.9C1433.4 474.8 1437.1 475.3 1435.4 477.0C1434.4 478.0 1419.0 480.4 1407.0 481.4C1402.9 481.8 1393.9 482.8 1387.0 483.6C1380.1 484.4 1368.7 485.7 1361.5 486.6C1347.6 488.2 1332.2 490.3 1320.1 492.2L1312.7 493.3L1313.4 503.4C1313.7 509.0 1314.2 560.3 1314.5 617.5C1314.8 674.7 1315.2 727.1 1315.5 734.0C1316.3 756.1 1314.2 780.6 1311.7 776.3Z
M1318.4 775.8C1316.7 773.1 1317.6 761.8 1319.6 760.3C1320.6 759.5 1321.4 758.3 1321.2 757.7C1320.9 756.6 1320.6 741.5 1319.4 673.5C1318.9 640.9 1318.5 635.3 1316.7 631.0C1315.3 627.7 1315.3 627.3 1317.1 625.1C1318.6 623.3 1319.1 621.3 1318.9 617.1C1318.9 614.0 1318.9 596.6 1319.0 578.5C1319.2 560.4 1319.3 537.6 1319.2 528.0C1319.2 501.5 1319.9 494.9 1323.0 493.4C1325.2 492.3 1345.7 489.7 1353.2 489.6C1356.6 489.5 1357.0 491.3 1353.8 492.0C1352.4 492.4 1351.5 493.3 1351.5 494.5C1351.5 495.8 1350.9 496.4 1349.8 496.4C1348.2 496.2 1348.1 496.9 1348.6 501.5C1349.3 507.3 1348.0 511.0 1345.1 511.0C1342.4 511.0 1341.2 509.1 1340.9 504.0C1340.6 499.9 1340.8 499.5 1342.8 499.6C1344.7 499.6 1345.0 499.1 1345.0 496.2C1345.0 493.5 1344.7 492.9 1343.4 493.4C1342.5 493.7 1338.1 494.3 1333.5 494.6C1328.9 495.0 1324.6 495.6 1324.0 496.0C1322.9 496.7 1321.6 524.5 1322.1 538.5C1322.2 542.4 1322.2 560.4 1322.1 578.5C1321.9 596.6 1321.9 614.1 1322.0 617.2C1322.1 621.1 1321.6 623.7 1320.6 625.2C1318.3 628.5 1318.6 629.3 1321.5 627.4C1323.6 626.0 1324.0 625.0 1324.0 620.4C1324.0 615.4 1325.3 612.7 1326.9 614.6C1327.3 615.1 1327.4 618.3 1327.2 621.8C1326.8 627.9 1326.7 628.2 1323.4 629.8C1321.2 630.8 1320.1 631.9 1320.5 632.8C1320.8 633.5 1321.0 634.5 1321.0 635.0C1321.0 635.4 1321.9 636.0 1323.1 636.3C1325.4 636.9 1324.8 639.0 1322.3 639.0C1321.1 639.0 1320.9 639.8 1321.5 643.2C1322.1 647.4 1322.4 657.7 1323.3 725.4C1323.9 760.3 1323.7 759.3 1330.0 760.3L1333.5 760.8L1332.7 745.0C1331.8 729.3 1332.6 716.5 1334.4 716.5C1335.0 716.5 1335.4 725.4 1335.4 738.7C1335.5 758.8 1335.7 761.0 1337.2 761.0C1338.1 761.0 1339.6 761.3 1340.6 761.7C1342.1 762.3 1342.2 761.8 1341.6 757.1C1341.0 752.3 1341.1 751.7 1343.7 749.1C1345.2 747.6 1346.6 746.0 1346.8 745.7C1347.5 743.9 1347.9 742.3 1348.2 740.0C1348.6 736.6 1350.4 736.8 1350.8 740.4C1351.2 743.2 1351.2 743.2 1352.6 741.1C1354.5 738.4 1353.6 735.2 1350.7 734.8C1348.6 734.5 1348.5 734.0 1347.8 718.5C1347.4 709.7 1347.2 699.5 1347.3 695.9C1347.5 690.3 1347.2 689.0 1345.7 688.1C1343.4 686.6 1344.4 685.0 1347.1 685.7C1349.0 686.2 1349.1 686.1 1348.1 684.2C1347.3 682.7 1347.1 678.6 1347.5 671.8C1347.9 666.1 1347.8 656.6 1347.5 650.7C1346.8 639.9 1346.8 639.8 1344.4 640.4C1341.6 641.1 1339.7 637.7 1340.4 633.5C1341.1 629.9 1340.0 627.2 1337.8 626.7C1336.0 626.2 1336.0 625.9 1337.3 623.8C1339.4 620.4 1340.3 615.9 1338.8 616.5C1338.1 616.8 1336.3 615.5 1334.8 613.7C1331.6 609.6 1329.9 591.5 1331.9 582.1C1333.0 577.0 1332.9 576.7 1330.0 572.7C1326.9 568.5 1326.2 565.6 1328.0 564.5C1328.6 564.1 1330.0 562.0 1331.1 559.8C1332.4 557.2 1333.5 556.1 1334.1 556.7C1335.2 557.8 1333.7 562.6 1331.3 565.3C1329.8 566.9 1329.8 567.3 1331.8 570.0C1333.0 571.6 1334.0 573.4 1334.0 574.0C1334.0 574.5 1334.3 574.9 1334.8 574.9C1336.6 574.6 1336.7 575.4 1335.3 580.8C1332.9 589.7 1334.3 608.4 1337.6 612.3C1340.6 615.9 1340.8 613.6 1338.0 607.8C1336.1 603.9 1336.1 601.4 1338.1 602.5C1338.6 602.9 1339.0 602.2 1339.0 601.1C1339.0 600.0 1339.6 598.7 1340.4 598.3C1341.2 597.9 1342.0 595.9 1342.2 594.0C1342.6 589.5 1344.3 589.9 1345.1 594.7L1345.7 598.5L1345.9 594.7C1345.9 592.6 1345.5 587.7 1344.8 583.8C1343.9 578.3 1343.9 576.3 1344.9 574.8C1346.4 572.4 1348.3 555.5 1347.4 552.6C1347.0 551.4 1346.0 550.0 1345.1 549.3C1343.6 548.2 1343.7 548.1 1345.3 547.5C1348.1 546.3 1349.7 547.6 1350.3 551.7C1351.1 556.9 1349.6 572.6 1348.0 574.5C1347.2 575.4 1347.0 577.3 1347.4 579.7C1347.7 581.8 1348.3 588.2 1348.6 594.0C1348.9 599.8 1349.5 609.7 1349.9 616.0C1350.5 625.1 1350.3 628.5 1349.1 632.3C1347.9 636.5 1347.8 637.5 1349.0 639.3C1350.0 641.0 1350.5 646.9 1350.7 663.0C1350.9 674.8 1351.0 685.0 1351.0 685.5C1351.1 686.0 1350.8 689.6 1350.6 693.5C1350.3 697.4 1350.4 707.6 1350.7 716.2C1351.3 731.1 1351.4 731.9 1353.4 732.2C1354.9 732.4 1355.8 733.8 1356.8 737.2C1357.8 740.9 1358.5 741.8 1360.1 741.7C1362.2 741.6 1362.6 736.5 1360.5 736.5C1356.4 736.4 1356.2 730.1 1360.1 724.7C1362.0 722.1 1362.1 721.4 1361.0 716.8C1360.2 713.6 1360.0 708.8 1360.4 703.5C1360.8 698.5 1360.7 694.9 1360.1 694.6C1358.5 693.6 1357.9 686.8 1358.9 680.0C1359.5 675.9 1359.4 662.8 1358.8 644.7C1358.0 623.0 1358.0 614.8 1358.9 611.9C1359.8 608.9 1359.8 607.5 1358.9 605.8C1357.6 603.4 1356.0 596.4 1355.7 591.8C1355.5 588.5 1357.4 588.0 1357.8 591.2C1358.0 592.5 1358.6 593.9 1359.1 594.4C1359.6 595.0 1360.0 596.9 1360.0 598.7C1360.0 600.6 1360.7 603.5 1361.6 605.1C1362.8 607.5 1362.9 608.8 1362.0 611.5C1360.9 614.8 1361.3 647.4 1362.6 664.5C1362.9 668.4 1362.6 674.8 1362.0 678.8C1360.9 687.0 1361.6 694.0 1363.6 694.0C1364.8 694.0 1365.6 689.7 1366.3 679.7C1366.6 674.0 1368.4 674.8 1369.1 681.0L1369.7 686.5L1369.8 681.4C1369.9 678.7 1371.0 673.7 1372.3 670.4C1374.2 665.6 1374.5 663.4 1374.0 658.7C1373.4 652.8 1374.0 651.0 1375.8 653.3C1378.5 656.7 1377.3 669.0 1373.7 674.8C1372.3 676.9 1372.5 697.7 1373.9 699.4C1374.8 700.4 1374.8 701.4 1374.1 702.7C1373.6 703.8 1372.8 707.4 1372.4 710.8C1372.1 714.2 1371.4 717.3 1371.0 717.5C1370.5 717.8 1370.8 720.4 1371.6 723.3C1373.4 730.0 1373.4 735.0 1371.6 737.6C1370.8 738.7 1370.0 742.2 1369.8 745.5C1369.6 748.8 1369.3 752.0 1369.1 752.5C1368.4 754.7 1369.1 766.0 1369.9 766.0C1370.3 766.0 1371.0 764.1 1371.3 761.8C1371.7 759.1 1372.7 757.0 1374.1 755.9C1376.0 754.5 1376.3 753.4 1376.2 747.4C1376.2 743.6 1376.0 739.8 1375.8 739.0C1375.7 738.2 1376.2 737.5 1377.0 737.5C1378.0 737.5 1378.7 738.9 1379.0 742.0C1379.3 745.0 1379.9 746.4 1380.8 746.2C1381.6 746.1 1382.4 746.9 1382.7 748.0C1384.3 754.2 1387.4 746.0 1386.6 737.7C1385.8 730.2 1387.2 727.9 1391.5 729.8C1393.4 730.7 1394.0 731.7 1394.0 734.2C1393.8 744.7 1394.9 755.4 1396.4 756.8C1398.0 758.5 1397.8 758.7 1399.5 753.4C1399.8 752.6 1400.4 752.2 1401.0 752.5C1403.1 753.8 1401.9 748.6 1399.5 746.4C1395.1 742.3 1396.9 738.9 1402.3 740.9C1404.5 741.8 1405.0 742.6 1405.0 745.3C1405.0 751.9 1406.4 761.6 1406.9 759.2C1407.2 757.9 1407.9 756.9 1408.4 757.0C1408.9 757.1 1409.8 756.1 1410.4 754.9C1411.5 752.7 1413.2 752.1 1413.7 753.7C1413.9 754.2 1412.9 756.3 1411.5 758.4C1409.5 761.3 1409.0 763.3 1409.0 767.9C1409.0 774.7 1407.5 776.9 1404.0 775.0C1402.0 773.9 1401.9 773.3 1402.4 763.7C1402.7 758.1 1402.6 754.8 1402.2 756.3C1401.8 757.8 1400.4 759.6 1399.0 760.3C1396.6 761.6 1396.3 762.6 1397.1 766.0C1397.6 767.8 1392.0 768.2 1391.3 766.3C1391.0 765.6 1390.4 765.2 1390.0 765.5C1388.1 766.6 1388.2 764.1 1390.0 760.5C1392.0 756.7 1392.3 738.9 1390.5 737.2C1390.1 736.8 1390.0 738.3 1390.2 740.5C1390.5 742.9 1390.1 745.8 1389.2 747.6C1388.1 750.0 1388.0 751.5 1388.7 753.6C1389.9 757.2 1388.6 762.5 1386.1 764.2C1385.1 764.9 1384.1 766.4 1383.9 767.4C1383.3 770.2 1380.4 771.7 1378.2 770.4C1376.8 769.5 1376.6 768.1 1376.8 762.9C1377.1 757.7 1377.0 756.7 1375.9 757.8C1375.2 758.5 1374.5 761.2 1374.4 763.8L1374.2 768.5L1370.4 768.4C1354.7 768.1 1348.0 765.9 1348.0 761.3C1348.0 758.3 1346.2 758.3 1345.0 761.4C1343.7 765.0 1343.1 765.1 1332.4 763.5C1320.6 761.7 1320.1 762.0 1320.6 770.5C1320.9 775.8 1319.9 778.2 1318.4 775.8Z
M1467.7 774.3C1466.0 771.0 1466.5 769.3 1468.7 771.2C1469.4 771.8 1470.3 772.1 1470.5 771.8C1471.1 771.2 1467.1 758.8 1465.9 757.5C1464.7 756.3 1464.8 753.3 1466.1 752.5C1466.7 752.1 1467.4 752.7 1467.7 753.9C1469.1 759.3 1475.2 753.8 1474.6 747.7C1474.1 742.6 1476.0 740.0 1480.2 740.0C1483.8 740.0 1484.7 742.2 1482.6 745.5C1480.2 749.1 1481.4 750.2 1485.5 748.3C1488.1 747.1 1489.3 746.9 1490.1 747.7C1490.9 748.5 1489.9 749.5 1486.2 751.4C1483.4 752.8 1480.9 754.4 1480.5 755.0C1479.4 756.7 1477.9 755.0 1478.9 753.2C1479.3 752.3 1479.5 750.9 1479.3 750.2C1479.0 749.3 1478.3 749.8 1477.4 751.6C1476.3 753.7 1476.2 754.6 1477.2 755.7C1478.1 756.8 1478.0 757.8 1476.7 760.0C1475.0 762.7 1475.1 762.9 1476.9 763.5C1479.5 764.3 1481.3 766.7 1480.5 768.0C1480.0 768.8 1479.3 768.8 1478.2 767.8C1472.6 763.4 1470.1 763.9 1473.5 768.6C1474.8 770.5 1474.6 771.0 1472.1 774.1L1469.3 777.4L1467.7 774.3Z
M1193.8 774.5C1192.3 772.9 1194.2 772.0 1198.9 772.0C1201.5 772.0 1206.1 771.6 1209.1 771.1C1215.4 769.9 1241.1 771.9 1241.0 773.5C1241.0 774.5 1234.0 774.7 1219.5 774.1C1215.1 773.9 1207.7 774.1 1203.0 774.5C1198.3 774.9 1194.2 774.9 1193.8 774.5Z
M1306.4 772.5C1305.7 770.1 1300.0 767.0 1296.1 767.0C1294.5 767.0 1292.1 766.1 1290.7 765.0C1289.1 763.7 1287.9 763.4 1287.5 764.0C1286.7 765.3 1279.4 765.3 1276.9 763.9C1273.6 762.2 1275.8 761.1 1281.7 761.7C1285.6 762.1 1287.1 762.0 1286.6 761.2C1285.2 758.8 1288.3 759.0 1290.5 761.4C1292.3 763.3 1293.9 764.0 1296.7 764.0C1301.1 764.1 1308.3 767.9 1308.8 770.4C1309.4 773.1 1307.1 775.0 1306.4 772.5Z
M1102.5 769.9C1101.4 769.5 1099.4 769.1 1098.1 769.1C1096.8 769.0 1093.1 767.4 1089.9 765.4C1083.0 761.2 1081.5 761.0 1076.2 763.4C1072.4 765.1 1071.8 765.1 1064.9 763.6C1060.9 762.6 1057.0 761.5 1056.2 761.1C1055.4 760.7 1053.0 761.3 1050.2 762.7C1045.6 765.0 1041.0 765.4 1040.9 763.6C1040.9 763.0 1043.0 762.1 1045.5 761.5C1048.0 760.8 1050.9 759.5 1051.9 758.6C1053.3 757.3 1054.3 757.1 1055.7 757.8C1056.7 758.3 1060.7 759.4 1064.6 760.4C1071.4 762.0 1071.8 762.0 1076.1 760.1C1081.0 757.9 1086.5 758.5 1089.0 761.5C1089.7 762.3 1090.8 763.0 1091.5 763.0C1092.2 763.0 1093.3 763.7 1094.0 764.5C1095.1 765.8 1095.5 765.6 1097.0 762.8C1098.7 759.5 1099.0 759.3 1105.3 756.6C1110.0 754.6 1111.8 754.6 1116.3 756.5C1121.3 758.6 1121.3 758.6 1120.6 753.2C1120.2 750.4 1120.5 747.0 1121.1 745.1C1122.0 742.7 1122.0 741.6 1121.1 740.7C1119.7 739.3 1119.7 735.7 1121.1 734.3C1121.7 733.7 1122.1 723.9 1122.1 706.4C1122.1 687.2 1122.4 678.4 1123.3 675.8C1124.2 673.4 1124.4 670.1 1123.9 666.3C1122.8 656.6 1123.9 627.0 1125.6 622.7C1127.5 617.7 1127.4 612.0 1125.4 610.6C1124.4 609.8 1123.8 607.9 1123.9 605.4C1123.9 603.3 1124.1 581.7 1124.2 557.5C1124.5 516.9 1124.9 510.2 1126.9 511.4C1127.4 511.8 1127.4 589.7 1126.8 604.9C1126.7 607.1 1127.2 608.6 1128.3 609.2C1130.5 610.4 1130.6 617.5 1128.6 622.7C1126.9 627.1 1125.8 656.8 1127.0 666.5C1127.5 670.6 1127.3 673.8 1126.4 676.5C1125.4 679.4 1125.1 687.6 1125.1 706.7C1125.1 724.4 1124.7 733.6 1124.0 735.1C1123.1 736.6 1123.1 737.9 1124.0 739.9C1124.8 741.8 1124.8 743.4 1124.0 745.4C1123.5 746.9 1123.3 750.5 1123.6 753.4C1124.5 760.8 1122.8 762.0 1115.4 759.5C1109.9 757.6 1105.4 758.5 1100.2 762.3C1098.6 763.6 1098.7 766.0 1100.4 766.0C1102.3 766.0 1106.5 769.6 1105.4 770.2C1104.9 770.5 1103.6 770.4 1102.5 769.9Z
M966.6 769.2C966.3 768.7 967.3 767.2 968.8 765.8C971.6 763.1 979.5 761.4 980.6 763.2C982.0 765.4 986.1 766.0 990.8 764.6C998.1 762.4 1003.7 762.0 1005.1 763.6C1005.7 764.4 1006.1 765.0 1005.9 765.1C1005.7 765.1 1003.2 765.4 1000.5 765.6C997.8 765.9 993.2 766.8 990.3 767.7C985.6 769.1 984.9 769.1 981.9 767.6C977.6 765.5 974.3 765.6 971.3 768.0C968.5 770.2 967.4 770.5 966.6 769.2Z
M914.0 768.3C911.6 768.0 908.9 767.3 908.1 766.7C907.3 766.0 902.6 765.4 897.1 765.3C891.8 765.1 886.1 765.0 884.5 764.9C878.5 764.6 848.4 765.9 844.2 766.6C841.1 767.1 839.5 766.9 838.2 765.8C835.4 763.4 832.9 762.9 829.3 764.1C824.9 765.5 822.5 763.9 826.1 761.9C829.8 760.0 836.5 760.2 838.9 762.4C840.5 763.8 841.7 764.1 844.7 763.5C846.8 763.1 854.6 762.6 862.0 762.4C869.4 762.2 877.5 761.8 880.0 761.5C882.5 761.2 885.7 761.5 887.2 762.1C891.2 763.7 898.7 762.4 899.3 760.0C899.7 758.4 899.1 758.1 894.6 757.8C891.8 757.5 888.7 757.8 887.6 758.3C885.3 759.4 874.8 760.9 873.7 760.3C871.9 759.2 875.5 757.0 879.1 757.0C881.2 757.0 884.1 756.5 885.7 755.9C887.4 755.2 893.7 754.8 901.5 754.9C910.6 755.0 914.0 754.8 913.0 754.0C912.2 753.5 908.8 753.0 905.5 753.0C902.2 753.0 897.6 752.3 895.3 751.5C893.0 750.7 887.2 749.6 882.6 749.1C869.8 747.6 866.4 745.2 870.2 740.3C871.2 739.1 881.4 739.1 882.6 740.3C883.8 741.5 878.7 743.2 875.4 742.5C873.4 742.2 872.0 742.3 872.0 742.9C872.0 744.2 877.4 745.7 884.7 746.4C888.1 746.7 892.8 747.6 895.2 748.5C897.5 749.3 902.2 750.0 905.5 750.0C908.8 750.1 913.8 750.6 916.5 751.1C919.2 751.6 923.8 752.5 926.5 753.0C929.2 753.5 934.4 754.8 938.0 755.9C941.6 757.1 946.5 758.0 949.0 758.0L953.5 758.0L950.5 755.6C947.5 753.2 940.6 751.4 936.2 751.8C928.0 752.7 901.5 744.0 901.6 740.4C901.6 738.8 901.1 738.5 898.3 738.8C892.5 739.5 892.5 734.7 898.2 731.2C902.6 728.6 904.0 731.1 899.8 733.9L896.5 736.2L899.5 735.5C901.1 735.1 904.1 734.7 906.0 734.6C907.9 734.6 909.4 734.1 909.2 733.7C909.1 733.3 909.0 732.5 909.0 732.0C909.0 731.5 908.3 731.0 907.4 731.0C906.5 731.0 904.4 729.8 902.7 728.4C900.5 726.6 899.5 726.2 898.9 727.1C898.5 727.8 897.1 728.5 895.8 728.6C894.6 728.8 891.9 729.1 890.0 729.3C884.8 729.9 882.0 731.0 882.0 732.4C882.0 736.0 872.3 738.8 857.5 739.5C854.2 739.6 850.2 740.2 848.7 740.9C845.4 742.2 843.4 741.5 845.0 739.5C846.4 737.9 857.2 735.6 859.8 736.4C861.0 736.8 863.0 736.6 864.2 735.9C865.5 735.2 867.6 734.6 869.0 734.5C877.1 734.1 878.1 733.9 878.7 732.4C879.4 730.5 877.4 729.0 874.1 729.0C872.8 729.0 869.7 727.4 867.3 725.4C862.7 721.6 862.4 721.7 861.8 728.3C861.4 731.8 861.6 732.1 863.5 731.6C866.2 730.9 867.3 731.9 865.9 733.7C864.5 735.3 860.5 735.4 859.3 733.8C857.7 731.6 859.0 722.3 861.1 720.4C862.9 718.8 863.2 718.9 867.0 721.6C872.3 725.4 872.7 725.6 877.8 727.1C883.5 728.8 884.1 727.7 879.7 723.2C876.0 719.4 874.9 715.0 876.6 710.5C877.6 708.0 883.0 706.0 885.1 707.3C886.4 708.1 887.9 708.1 890.6 707.2C895.0 705.9 897.0 706.9 897.0 710.7C897.0 712.0 898.2 714.6 899.7 716.5L902.4 719.9L903.7 715.7C905.5 709.8 905.3 703.0 903.4 700.9C902.2 699.5 902.1 698.7 903.0 697.1C904.1 694.9 906.5 695.2 905.7 697.3C905.5 698.0 906.1 699.6 907.0 701.0C908.7 703.5 908.5 709.8 906.5 716.7C906.0 718.2 906.4 719.1 907.9 719.9C910.4 721.3 912.3 724.7 911.4 726.1C911.0 726.8 909.8 726.2 908.3 724.5C906.6 722.7 905.1 722.0 903.8 722.3C901.1 723.1 895.2 717.0 894.2 712.6C893.8 710.3 893.1 709.3 892.3 709.8C891.5 710.3 891.5 711.5 892.5 714.4C894.0 718.6 893.6 720.7 891.6 719.1C890.2 717.9 888.6 718.8 887.7 721.2C887.3 722.3 886.5 722.7 885.5 722.4C883.1 721.5 883.7 724.7 886.1 726.1C888.7 727.5 896.6 725.6 897.4 723.3C897.9 722.2 898.9 722.5 902.4 724.9C904.9 726.6 907.5 728.0 908.4 728.0C909.2 728.0 910.8 729.3 911.9 730.9L913.9 733.7L911.6 735.9C909.9 737.5 908.6 737.9 906.2 737.4C902.4 736.6 901.9 738.2 905.2 740.4C908.8 742.7 920.0 746.6 925.5 747.5C935.0 749.0 936.9 748.9 939.4 746.9C941.5 745.2 949.8 744.9 955.0 746.3C955.4 746.4 957.3 744.7 959.2 742.6C961.3 740.2 963.1 738.9 963.8 739.4C964.6 739.9 963.7 741.7 960.8 745.1C957.2 749.4 956.2 750.0 954.1 749.5C952.7 749.1 949.3 748.7 946.5 748.5C941.7 748.2 941.8 748.4 947.0 750.4C951.1 752.0 954.5 754.9 954.5 756.6C954.5 757.9 955.3 758.6 957.3 758.8C961.0 759.2 963.8 763.3 961.9 765.6C960.9 766.8 959.3 767.1 955.3 766.8C951.6 766.5 949.6 766.7 948.9 767.7C947.2 769.7 942.8 769.2 939.6 766.6C936.0 763.6 937.8 762.2 942.0 764.7C944.7 766.2 945.3 766.3 947.3 765.0C948.7 764.1 951.5 763.7 955.0 763.9C964.1 764.3 959.5 762.0 949.4 761.0C944.5 760.5 938.5 759.4 936.1 758.6C933.7 757.7 929.4 756.6 926.6 756.0C923.8 755.5 920.1 754.8 918.5 754.4L915.5 753.7L917.8 755.6L920.1 757.5L917.6 759.9C916.2 761.3 914.6 761.9 913.9 761.5C913.0 760.9 913.2 760.3 914.5 759.3C916.1 758.2 915.4 758.0 908.8 758.0C901.7 758.0 901.2 758.1 901.7 760.0C902.0 761.1 903.4 762.3 904.9 762.6C906.3 762.9 908.2 763.5 909.0 763.8C909.8 764.1 914.2 764.9 918.8 765.5C932.3 767.2 928.1 769.6 914.0 768.3Z
M1494.9 768.4C1496.6 768.0 1497.7 767.4 1497.4 766.9C1496.6 765.5 1493.6 765.8 1491.4 767.5C1489.3 769.1 1490.2 769.3 1494.9 768.4Z
M1366.0 760.7C1366.0 755.5 1365.2 754.3 1363.3 757.0C1361.5 759.6 1360.2 759.5 1357.3 756.8L1355.0 754.7L1355.0 759.3C1355.0 764.3 1354.2 763.9 1364.2 764.8C1365.7 765.0 1366.0 764.2 1366.0 760.7Z
M695.1 763.2C694.6 763.0 691.3 762.6 687.9 762.2C680.5 761.4 679.5 759.8 686.0 758.9C690.3 758.3 690.2 758.3 684.3 758.2C678.5 758.0 677.9 757.8 676.5 755.1C674.9 751.8 672.2 751.2 661.0 751.2L654.5 751.2L658.8 752.4C664.5 753.9 664.2 755.6 658.2 755.2C653.5 754.8 650.6 753.5 651.5 751.9C651.8 751.5 647.6 751.2 642.3 751.3C634.2 751.5 632.5 751.2 632.5 750.0C632.5 748.7 635.5 748.5 653.9 748.5L675.2 748.5L677.9 751.6C680.3 754.5 681.2 754.8 689.0 755.5C693.7 755.9 698.5 756.2 699.7 756.1C702.6 756.0 703.5 757.6 701.3 759.0C699.8 760.0 699.7 760.1 701.2 759.6C702.9 759.1 705.8 761.6 704.7 762.7C704.0 763.3 696.6 763.7 695.1 763.2Z
M793.7 763.3C793.3 763.0 793.0 761.8 793.0 760.7C793.0 759.2 792.5 758.9 790.8 759.3C789.5 759.6 786.2 759.5 783.5 759.0C779.8 758.4 777.8 758.6 775.7 759.7C772.7 761.2 769.0 761.1 768.8 759.5C768.7 759.0 769.5 758.4 770.6 758.2C771.6 758.0 773.9 757.2 775.7 756.4C777.4 755.6 779.5 755.2 780.3 755.6C781.1 755.9 784.6 756.2 788.1 756.3C793.5 756.5 794.6 756.8 795.5 758.7L796.6 760.9L799.1 758.6C802.0 755.7 810.7 752.7 811.6 754.2C812.5 755.6 811.2 756.5 806.5 758.0C804.3 758.7 801.2 760.3 799.7 761.6C796.8 764.0 794.9 764.6 793.7 763.3Z
M618.5 762.0C617.7 760.7 618.9 758.8 620.1 759.5C621.6 760.5 625.0 759.0 625.0 757.5C625.0 755.7 619.2 754.6 613.9 755.3C611.5 755.6 608.5 755.3 606.5 754.4C604.0 753.4 600.1 753.1 591.3 753.5C584.8 753.8 577.1 753.6 574.2 753.1C570.6 752.6 569.2 752.6 569.9 753.3C570.4 753.8 577.6 754.9 585.9 755.6C601.4 756.9 608.5 758.9 606.1 761.3C605.2 762.2 604.5 762.1 603.0 761.3C602.0 760.6 598.5 759.8 595.3 759.5C574.2 757.6 569.8 757.0 566.7 755.5C562.1 753.4 558.3 749.3 559.6 748.0C560.3 747.3 561.4 747.8 563.0 749.5C565.3 752.0 568.0 752.7 569.4 751.2C570.5 750.1 603.1 750.2 606.0 751.3C607.4 751.8 612.2 752.3 616.6 752.4C623.0 752.5 625.2 752.9 626.8 754.4C628.4 755.8 630.0 756.1 634.2 755.8C637.1 755.6 644.6 755.7 650.8 756.2C657.7 756.7 664.4 756.7 668.2 756.0C674.8 755.0 677.8 756.0 674.1 757.9C671.8 759.2 662.1 759.5 641.9 759.1C629.1 758.8 628.1 758.9 626.1 760.9C623.9 763.1 619.6 763.7 618.5 762.0Z
M1299.5 761.9C1299.1 761.4 1299.1 759.9 1299.4 758.6C1299.9 756.4 1299.5 756.3 1286.7 754.2C1279.4 753.0 1271.9 752.0 1270.0 752.0C1268.1 752.0 1261.5 751.1 1255.5 749.9C1249.5 748.8 1240.2 747.3 1235.0 746.6C1229.8 746.0 1224.9 745.1 1224.2 744.6C1222.2 743.4 1223.9 741.9 1226.7 742.6C1228.7 743.2 1229.1 742.9 1228.8 741.5C1228.3 738.6 1226.3 738.6 1223.9 741.4C1219.5 746.5 1214.4 743.9 1214.9 736.8C1215.0 734.2 1214.7 733.1 1214.0 733.5C1213.5 733.8 1213.0 734.9 1213.0 735.9C1213.0 736.9 1212.4 738.2 1211.8 738.8C1209.9 740.2 1206.0 738.4 1206.0 736.2C1206.0 735.1 1205.1 733.1 1204.0 731.7L1202.0 729.1L1204.1 727.6C1206.5 725.9 1208.2 726.3 1207.4 728.3C1207.2 729.0 1207.6 731.2 1208.4 733.0L1209.8 736.5L1210.7 733.0C1211.4 730.4 1212.1 729.6 1213.6 729.8C1217.8 730.5 1218.2 730.9 1217.9 735.5C1217.5 741.3 1218.2 741.8 1222.0 738.6C1223.7 737.2 1225.6 736.0 1226.1 736.0C1226.6 736.0 1227.0 734.7 1227.0 733.2C1227.0 729.7 1233.5 723.1 1235.2 724.8C1236.0 725.6 1235.4 726.7 1233.2 728.9C1229.9 731.9 1228.8 737.1 1231.1 738.6C1231.7 738.9 1232.0 740.1 1231.7 741.1C1231.4 742.2 1231.6 743.0 1232.1 743.0C1232.6 743.0 1232.9 741.0 1232.7 738.5C1232.4 732.6 1234.2 732.7 1235.5 738.7C1236.5 743.0 1236.9 743.5 1239.5 743.8C1242.4 744.1 1242.5 743.9 1242.7 740.0C1242.8 736.5 1242.6 736.1 1241.6 737.6C1239.9 739.9 1237.9 738.5 1238.8 735.7C1239.2 734.5 1239.5 731.4 1239.4 728.7C1239.2 723.5 1240.5 721.6 1241.8 725.1L1242.7 727.4L1243.3 725.1C1243.6 723.7 1244.3 723.1 1245.0 723.5C1245.8 724.0 1246.1 727.6 1245.8 734.9L1245.5 745.5L1250.3 746.4C1256.2 747.4 1256.3 747.4 1256.5 739.6C1256.6 736.1 1257.1 732.7 1257.4 732.1C1259.1 729.5 1259.9 732.6 1259.5 740.0L1259.2 747.9L1265.8 748.5C1269.5 748.8 1273.9 749.3 1275.5 749.5L1278.6 750.0L1277.9 742.3C1277.3 736.7 1277.5 734.0 1278.4 732.1C1279.4 730.2 1279.5 728.8 1278.8 727.0C1278.2 725.5 1278.1 716.4 1278.5 703.5C1279.3 676.5 1279.3 676.1 1280.4 675.8C1281.9 675.3 1283.1 681.3 1282.1 684.2C1281.6 685.6 1281.4 687.1 1281.7 687.3C1282.1 687.8 1286.3 686.4 1287.9 685.4C1288.1 685.2 1288.4 682.1 1288.6 678.5C1288.8 674.9 1289.4 671.0 1290.0 670.0C1291.5 667.2 1291.2 661.2 1289.4 658.5C1287.9 656.1 1288.3 653.4 1290.0 654.5C1293.8 656.8 1294.7 664.0 1292.4 672.9C1291.6 676.3 1291.1 679.4 1291.4 679.9C1292.5 681.6 1289.9 691.5 1288.0 693.1C1286.3 694.5 1286.1 697.2 1285.7 722.7L1285.2 750.8L1290.8 751.9C1293.8 752.5 1297.3 753.0 1298.5 753.0C1302.9 753.0 1304.3 755.1 1302.5 759.3C1300.9 763.3 1300.5 763.6 1299.5 761.9Z
M1354.2 752.2C1355.1 752.0 1356.8 752.8 1357.9 753.9C1359.1 755.1 1360.2 756.0 1360.4 756.0C1361.3 756.0 1363.0 749.5 1363.0 746.4C1363.0 742.6 1361.5 741.9 1360.7 745.2L1360.1 747.4L1357.7 745.2C1354.6 742.3 1354.3 742.4 1354.4 746.2C1354.5 750.0 1352.7 751.2 1352.2 747.8C1352.0 746.5 1351.4 745.0 1350.8 744.5C1350.0 743.8 1349.9 744.1 1350.4 745.3C1350.7 746.3 1351.1 750.8 1351.2 755.3C1351.3 762.9 1351.4 763.1 1351.9 758.0C1352.3 753.9 1352.9 752.4 1354.2 752.2Z
M1386.0 756.2C1386.0 753.9 1385.6 753.0 1384.8 753.2C1383.3 753.7 1382.5 758.4 1383.5 760.8C1384.4 763.3 1386.0 760.4 1386.0 756.2Z
M986.2 759.8C984.4 758.0 969.9 756.1 964.8 757.0C960.4 757.8 956.6 756.7 957.2 754.8C957.6 753.6 972.7 753.3 977.9 754.5C980.2 755.0 981.0 754.9 980.6 754.2C979.8 752.9 982.4 751.4 986.0 750.9C987.6 750.6 988.4 751.0 988.3 751.7C988.0 753.2 991.3 755.1 993.7 754.7C996.2 754.4 996.6 756.3 994.3 757.5C993.3 758.0 992.1 759.1 991.7 759.8C990.7 761.4 987.8 761.4 986.2 759.8Z
M1133.7 760.1C1121.8 759.2 1124.7 757.5 1138.5 757.4C1162.0 757.3 1167.0 756.9 1171.3 754.9C1178.7 751.6 1194.6 753.3 1197.4 757.8C1198.7 759.9 1196.1 759.9 1191.9 758.0C1186.1 755.4 1176.9 755.4 1171.1 758.0C1168.7 759.1 1164.9 759.9 1162.6 759.9C1160.4 759.8 1154.7 760.0 1150.0 760.2C1145.3 760.5 1138.0 760.5 1133.7 760.1Z
M1062.9 756.4C1061.4 752.6 1062.5 740.2 1064.7 735.6C1066.8 731.0 1065.8 729.9 1060.2 731.0C1057.2 731.5 1054.6 732.9 1051.9 735.6C1046.7 740.6 1046.1 749.5 1050.7 753.4C1054.3 756.5 1052.9 758.8 1049.1 756.1C1047.5 754.9 1045.5 754.3 1044.3 754.6C1043.1 754.9 1041.9 754.7 1041.6 754.1C1041.1 753.4 1039.9 753.8 1038.0 755.2C1035.1 757.3 1035.0 757.3 1033.0 755.5C1030.4 753.1 1030.5 752.2 1034.0 748.0C1038.1 743.3 1037.8 741.9 1033.5 746.0C1031.6 747.9 1030.0 750.2 1030.0 751.2C1030.0 752.9 1026.7 755.4 1025.8 754.4C1025.3 754.0 1016.3 752.2 1011.6 751.6C1010.1 751.4 1009.7 750.5 1009.6 746.9C1009.5 742.4 1007.4 739.6 1004.7 740.2C1002.8 740.7 1002.5 738.7 1004.4 737.5C1005.5 736.8 1006.6 736.9 1008.0 737.8C1009.7 738.8 1010.5 738.8 1012.8 737.7C1015.0 736.5 1016.0 736.5 1018.5 737.6C1023.4 739.7 1023.6 739.5 1023.0 732.4C1022.5 726.1 1023.2 723.8 1025.0 725.6C1025.5 726.1 1026.0 729.6 1026.2 733.3C1026.5 741.7 1024.8 744.0 1019.9 741.5C1014.0 738.4 1010.7 740.1 1012.4 745.5C1013.5 749.1 1013.7 749.2 1022.7 750.5C1026.4 751.1 1026.9 750.9 1027.6 748.8C1028.4 746.1 1035.9 739.1 1038.0 739.0C1040.2 738.9 1046.0 731.5 1046.0 728.8C1046.0 727.5 1046.7 725.4 1047.6 724.2C1048.6 722.8 1049.1 720.1 1049.0 716.7C1048.8 709.6 1048.8 709.6 1050.5 711.0C1051.5 711.8 1052.0 714.1 1052.0 718.0C1052.0 721.9 1051.5 724.2 1050.5 725.0C1049.7 725.7 1049.0 727.7 1049.0 729.4C1049.0 731.6 1048.2 733.4 1046.5 735.0C1044.4 737.0 1044.0 738.3 1044.0 743.0C1044.0 746.3 1043.4 749.4 1042.5 750.7C1041.1 752.7 1041.2 752.8 1043.0 752.3C1044.7 751.8 1045.0 750.9 1045.0 745.1C1045.1 739.4 1045.4 738.1 1047.8 735.4C1051.2 731.5 1055.2 728.9 1059.0 728.1L1062.0 727.5L1062.5 702.5C1062.9 688.8 1063.2 676.6 1063.3 675.6C1063.6 673.1 1053.3 671.0 1044.8 671.8C1040.7 672.1 1037.7 671.8 1034.4 670.5C1030.6 669.1 1029.2 669.0 1025.3 669.9C1019.8 671.3 1016.9 669.8 1021.6 667.9C1027.0 665.9 1030.8 665.7 1035.1 667.4C1037.9 668.5 1041.6 669.0 1045.9 668.9C1049.5 668.7 1055.1 669.0 1058.2 669.5C1062.9 670.1 1064.0 670.0 1064.2 668.9C1064.2 668.1 1064.5 666.1 1064.7 664.5C1064.9 662.9 1065.0 654.5 1065.0 645.9C1064.9 633.0 1065.2 630.1 1066.4 629.0C1067.3 628.3 1068.0 627.9 1068.0 628.1C1068.5 633.5 1068.0 667.2 1067.4 668.1C1066.5 669.5 1066.5 671.3 1065.5 702.9C1065.2 715.3 1064.7 725.7 1064.5 726.1C1064.2 726.5 1064.9 727.0 1065.9 727.3C1068.7 728.0 1069.6 733.4 1067.5 736.6C1066.3 738.4 1065.8 741.6 1065.7 747.4L1065.5 755.5L1068.5 755.2C1070.2 755.1 1075.6 754.8 1080.5 754.7C1085.5 754.5 1090.1 754.0 1090.8 753.6C1092.4 752.6 1092.3 745.1 1090.5 742.0C1089.7 740.6 1089.1 737.2 1089.0 734.3C1089.0 731.5 1088.7 728.5 1088.4 727.6C1087.5 725.3 1086.0 726.7 1086.0 729.9C1086.0 733.0 1082.8 736.6 1081.0 735.5C1080.2 735.0 1080.3 734.4 1081.2 733.3C1082.1 732.2 1082.6 728.1 1082.7 721.2L1082.9 710.8L1080.6 712.9C1076.5 716.7 1075.6 713.4 1079.6 709.3L1083.1 705.8L1082.9 690.0C1082.8 681.3 1083.1 673.7 1083.5 673.0C1084.1 672.1 1083.1 671.9 1079.3 672.5C1073.8 673.2 1067.7 669.9 1069.4 667.1C1070.0 666.2 1070.8 666.4 1072.5 668.0C1074.4 669.8 1075.5 670.0 1079.9 669.4C1082.7 669.0 1085.3 668.3 1085.6 667.9C1086.3 666.7 1091.3 666.8 1092.6 667.9C1093.1 668.4 1098.1 669.2 1103.6 669.5L1113.7 670.2L1112.7 664.4C1111.4 657.3 1111.4 654.4 1112.9 642.0C1114.1 632.2 1113.7 550.0 1112.4 541.0C1111.6 535.2 1113.9 532.7 1119.7 533.2C1124.5 533.6 1124.3 535.3 1119.3 536.0C1115.7 536.5 1115.5 536.7 1115.7 540.0C1116.7 562.8 1116.9 634.2 1115.9 642.0C1114.8 651.8 1114.7 653.0 1115.2 664.3C1115.5 670.6 1115.7 671.1 1118.0 671.6C1122.5 672.6 1123.1 673.0 1122.4 674.1C1121.8 675.2 1117.3 674.9 1113.9 673.5C1111.8 672.7 1111.7 673.5 1111.9 695.0C1112.1 706.5 1111.7 716.0 1110.9 720.0C1110.2 723.6 1109.6 729.5 1109.4 733.3C1109.2 739.8 1109.3 740.0 1111.7 740.7C1113.2 741.0 1115.1 740.8 1116.1 740.2C1118.5 738.6 1119.3 740.2 1117.4 742.8C1115.7 745.2 1112.5 745.0 1108.3 742.4C1105.7 740.8 1105.6 732.2 1107.9 720.0C1108.8 715.4 1109.0 708.3 1108.5 695.1C1108.0 679.0 1108.1 676.6 1109.5 675.0C1111.0 673.3 1110.7 673.2 1101.8 672.5C1096.7 672.1 1091.8 671.3 1090.9 670.7C1088.7 669.4 1086.1 670.4 1086.1 672.7C1086.1 673.7 1086.1 681.3 1086.1 689.7C1086.1 699.1 1085.7 705.7 1085.0 707.0C1084.1 708.6 1084.2 709.5 1085.1 710.6C1085.9 711.6 1086.1 714.1 1085.7 718.4C1085.2 723.4 1085.4 724.7 1086.5 724.7C1088.2 724.7 1089.0 718.7 1089.3 704.2C1089.4 698.6 1089.9 693.9 1090.4 693.7C1092.3 693.2 1092.9 699.9 1092.1 711.7C1090.9 726.6 1091.7 738.3 1094.1 743.1C1095.5 745.8 1095.7 747.5 1095.0 750.5C1093.6 756.6 1092.1 757.4 1082.8 757.5C1078.2 757.6 1072.1 758.0 1069.3 758.4C1064.1 759.2 1064.0 759.2 1062.9 756.4Z
M732.6 757.2C731.8 755.9 720.3 753.9 715.3 754.2C709.6 754.6 709.8 752.7 715.5 751.6C720.3 750.7 731.5 752.4 732.6 754.2C733.3 755.2 741.9 754.2 743.6 752.9C744.2 752.4 749.0 751.3 754.1 750.5L763.5 749.1L749.5 749.6C724.7 750.3 712.8 750.2 699.0 749.1C691.6 748.5 680.5 747.5 674.5 747.0C668.5 746.5 659.2 745.8 654.0 745.5C648.8 745.1 642.0 744.5 639.0 743.9C636.0 743.4 623.0 742.8 610.1 742.6C597.2 742.3 586.3 741.7 585.7 741.1C583.7 739.1 586.2 738.5 594.7 739.2C599.5 739.5 605.5 739.8 608.0 739.8C612.2 739.8 612.3 739.8 609.6 738.9C605.5 737.7 579.5 736.2 568.7 736.5C560.3 736.7 557.5 736.0 560.2 734.4C562.8 732.8 591.1 733.4 609.1 735.5C613.0 736.0 614.1 735.9 613.0 735.1C612.2 734.5 609.0 734.0 605.9 734.0C602.8 734.0 600.0 733.7 599.6 733.2C599.2 732.8 595.4 732.4 591.2 732.4C577.7 732.2 565.6 731.2 562.7 730.1C558.6 728.5 560.4 726.7 565.3 727.5C570.8 728.5 583.1 729.2 591.9 729.1C596.0 729.0 599.8 729.4 600.4 729.9C601.0 730.4 609.1 731.3 618.5 732.0C627.9 732.6 639.1 733.4 643.4 733.7C650.9 734.2 651.4 734.1 653.1 731.9C654.4 730.2 655.2 729.8 656.0 730.6C656.8 731.4 656.5 732.4 655.0 734.3C653.1 736.7 652.1 737.0 646.7 737.2L640.5 737.3L646.0 737.9C652.7 738.6 652.8 740.3 646.3 741.0C642.5 741.4 643.8 741.7 652.5 742.3C671.1 743.6 701.2 746.0 707.5 746.8C710.8 747.2 724.7 747.2 738.5 746.7C762.6 746.0 763.5 746.1 765.4 748.0C768.6 751.1 765.9 752.6 754.6 753.9C749.1 754.5 744.2 755.4 743.6 755.9C741.9 757.2 733.2 758.2 732.6 757.2Z
M1503.8 755.3C1498.7 752.9 1498.1 751.7 1500.4 749.1C1501.2 748.2 1502.0 746.0 1502.2 744.1C1503.0 737.5 1508.4 737.2 1509.6 743.7C1509.9 745.8 1510.8 748.5 1511.6 749.7C1515.3 755.6 1510.8 758.7 1503.8 755.3Z
M1348.0 752.6L1347.9 748.5L1346.0 750.9C1343.1 754.3 1343.4 756.7 1346.5 756.7C1347.6 756.7 1348.0 755.6 1348.0 752.6Z
M1510.0 753.2C1510.0 752.8 1509.3 751.6 1508.5 750.6C1507.7 749.5 1507.0 747.6 1507.0 746.3C1507.0 745.0 1506.5 744.0 1505.9 744.0C1505.2 744.0 1505.0 745.1 1505.3 746.6C1505.6 748.2 1505.3 749.4 1504.4 749.7C1502.2 750.5 1502.8 751.7 1505.8 752.8C1509.2 754.1 1510.0 754.2 1510.0 753.2Z
M843.7 750.5C840.4 748.2 839.0 747.9 831.7 747.9C827.2 748.0 822.1 747.9 820.5 747.8C818.9 747.8 814.4 748.2 810.5 748.9C793.2 752.0 791.9 752.1 786.7 750.5C783.9 749.7 780.2 749.0 778.4 749.0C775.4 749.0 772.1 746.7 773.7 745.7C774.8 745.0 785.8 746.8 789.2 748.1C792.2 749.3 797.4 748.5 796.5 747.0C795.8 745.9 798.2 744.8 805.5 742.7L810.5 741.2L804.5 740.9C801.2 740.8 794.5 740.6 789.5 740.5C784.5 740.4 778.0 739.7 775.0 739.1C771.2 738.3 768.4 738.3 766.0 739.0C759.1 741.0 753.1 739.5 746.9 734.3C745.8 733.4 744.5 733.3 742.2 733.9C740.3 734.5 738.8 734.5 738.5 733.9C737.6 732.5 738.9 731.0 741.1 731.0C742.1 731.0 743.0 730.5 743.0 730.0C743.0 729.3 741.2 729.1 738.2 729.4C723.4 731.0 708.1 731.1 704.5 729.6C700.9 728.1 689.5 728.1 684.8 729.6C683.8 729.9 680.8 729.1 678.2 727.8C675.6 726.6 671.7 725.5 669.6 725.5C666.1 725.5 665.6 725.2 664.9 722.5C663.9 719.2 665.2 717.2 668.5 716.9C674.3 716.3 678.1 717.1 680.6 719.5C683.6 722.3 686.7 722.4 686.2 719.7C686.0 718.8 686.6 717.7 687.5 717.4C690.6 716.2 688.8 715.2 683.2 715.0C660.2 714.4 640.0 715.2 637.4 716.9C634.6 718.8 632.0 717.7 632.0 714.6C632.0 711.4 634.0 710.2 634.7 712.9C635.3 715.3 636.1 715.5 637.8 713.8C639.0 712.6 658.1 711.5 672.5 711.7C675.2 711.8 681.0 711.9 685.2 711.9C694.3 712.1 694.8 712.5 691.0 717.1C688.3 720.5 688.2 720.7 690.1 721.8C691.2 722.5 691.8 723.5 691.5 724.0C690.5 725.6 693.2 726.1 697.5 725.2C700.5 724.6 702.2 724.9 705.0 726.2C708.3 727.9 710.3 728.0 725.6 727.3C739.1 726.6 751.9 726.5 754.9 726.9C756.4 727.2 752.2 730.0 750.4 730.0C747.6 730.0 747.3 731.2 749.6 733.1C750.9 734.2 751.3 734.1 752.1 732.7C753.2 730.8 756.5 730.4 757.5 732.0C758.1 732.9 760.1 732.7 765.2 731.3C766.2 731.1 767.0 730.1 767.0 729.1C767.0 726.6 769.6 724.6 771.7 725.5C773.4 726.1 773.4 726.2 771.6 727.6C768.6 729.8 770.2 730.2 776.9 729.0C780.3 728.4 787.2 728.0 792.3 728.1C797.3 728.3 804.9 727.8 809.0 727.1C813.1 726.4 819.6 725.5 823.4 725.1C827.6 724.8 830.5 724.0 830.8 723.2C831.3 721.7 828.8 721.6 827.3 723.1C826.5 723.9 825.0 723.5 821.8 721.6C817.1 718.9 815.5 718.4 816.5 719.9C817.3 721.2 813.8 723.0 810.3 723.0C808.8 723.0 806.6 723.7 805.6 724.5C803.1 726.4 799.2 726.4 797.1 724.7C794.6 722.5 782.2 720.8 774.8 721.6C768.5 722.2 768.1 722.1 766.5 719.7C765.2 717.7 765.1 716.7 766.0 715.0C767.7 711.7 764.4 706.7 760.7 707.3C757.5 707.7 753.9 704.7 755.7 702.9C756.5 702.1 757.0 702.1 757.4 702.9C757.8 703.5 759.6 704.0 761.5 704.0C766.5 704.0 771.7 712.2 768.9 715.6C767.0 717.9 768.6 718.5 777.8 718.5C788.7 718.6 797.0 719.9 797.7 721.6C798.4 723.4 802.1 723.4 804.6 721.5C805.6 720.7 807.9 720.0 809.5 720.0C814.4 719.9 815.7 718.4 812.1 717.2C809.3 716.2 808.1 714.2 809.5 712.8C809.8 712.5 812.6 713.6 815.7 715.2C822.0 718.4 822.5 718.4 821.0 714.6C818.2 707.3 820.9 697.9 825.7 698.3C828.5 698.6 828.5 698.6 828.2 704.8C827.8 711.8 829.2 712.7 835.1 709.3C838.0 707.6 838.0 707.6 841.5 711.0C844.0 713.4 844.7 714.7 843.9 715.4C843.2 716.2 842.2 715.7 840.5 713.8C838.3 711.2 838.0 711.1 835.3 712.5C833.8 713.3 831.7 714.0 830.8 714.0C828.6 714.0 828.5 716.3 830.5 718.4C831.6 719.5 833.3 719.8 836.9 719.3C839.5 719.0 842.6 719.2 843.6 719.8C845.2 720.6 845.8 720.5 846.8 718.9C847.5 717.9 848.7 717.0 849.5 717.0C851.1 717.0 851.3 715.8 850.4 712.2C849.8 710.3 849.2 710.0 846.1 710.2C842.6 710.5 842.5 710.4 842.8 707.5C843.2 704.3 845.3 702.0 848.1 702.0C850.3 702.0 852.4 704.6 851.6 706.5C851.3 707.4 851.7 709.1 852.4 710.3C854.8 714.0 856.5 721.9 855.1 723.3C854.2 724.2 853.8 724.0 853.4 722.3C853.0 721.0 852.1 720.2 850.9 720.3C848.9 720.4 848.3 722.5 850.0 723.5C851.7 724.6 848.0 729.0 845.4 729.0C844.1 729.0 840.7 730.1 837.8 731.5C834.5 733.1 830.9 734.0 827.9 734.0C825.3 734.0 822.8 734.5 822.5 735.0C822.0 735.8 821.4 735.7 820.4 734.9C819.4 734.1 816.6 733.9 811.5 734.3C807.3 734.6 803.8 734.4 803.5 733.9C802.3 732.1 808.1 731.1 819.8 731.1C830.6 731.2 832.2 731.0 837.2 728.6C840.2 727.2 843.7 726.0 844.8 726.0C848.1 726.0 847.5 724.6 843.7 723.2C838.6 721.4 836.2 721.7 833.4 724.9C831.2 727.4 830.0 727.8 823.7 728.3C819.7 728.6 813.1 729.4 809.0 730.1C804.9 730.9 797.7 731.3 793.0 731.2C784.0 730.9 769.8 732.6 766.5 734.3C763.8 735.7 757.2 736.1 756.5 735.0C756.2 734.4 755.4 734.0 754.8 734.0C754.1 734.0 754.2 734.6 755.0 735.5C756.4 737.2 760.9 737.4 766.2 736.0C768.6 735.3 771.3 735.3 774.3 736.0C776.7 736.5 785.4 737.2 793.6 737.5C801.8 737.8 810.0 738.5 811.9 739.1C814.1 739.9 815.9 739.9 817.4 739.2C822.9 736.7 835.9 735.3 837.7 737.1C838.5 737.9 839.4 737.9 841.0 737.0C842.5 736.2 843.5 736.1 844.2 736.8C845.9 738.5 839.3 741.5 837.4 739.9C836.1 738.8 834.2 738.9 824.0 740.6C822.1 740.9 819.6 741.6 818.5 742.1C817.4 742.6 814.7 743.7 812.5 744.5L808.5 746.0L813.0 745.3C815.5 745.0 818.9 744.7 820.5 744.8C822.1 744.9 827.3 744.9 832.1 744.9C839.5 744.9 841.0 745.2 843.5 747.2C846.0 749.1 848.0 749.6 856.5 750.0C869.1 750.6 869.3 752.4 856.8 752.8C848.2 753.0 847.2 752.8 843.7 750.5Z
M1039.8 749.7C1040.6 748.1 1040.9 746.6 1040.6 746.2C1039.9 745.6 1034.0 750.9 1034.0 752.3C1034.0 754.3 1038.6 752.3 1039.8 749.7Z
M1367.0 745.7C1367.0 741.6 1367.5 738.7 1368.6 737.2C1370.7 734.2 1369.9 733.4 1367.4 736.1C1365.5 738.2 1364.4 753.5 1366.2 752.3C1366.7 752.1 1367.0 749.1 1367.0 745.7Z
M1149.7 750.3C1148.9 749.0 1149.5 735.7 1150.4 734.2C1151.3 732.6 1153.2 679.3 1152.4 676.8C1152.1 675.8 1151.0 675.0 1150.0 675.0C1147.3 675.0 1146.4 673.0 1148.8 672.3C1153.3 671.2 1153.3 670.4 1153.5 582.6C1153.6 504.9 1153.5 499.3 1151.8 495.8C1150.8 493.8 1149.6 491.9 1149.1 491.6C1147.8 490.7 1141.3 493.8 1136.5 497.5C1134.3 499.2 1131.7 500.9 1130.8 501.3C1129.7 501.7 1129.0 503.0 1129.0 504.4C1129.0 507.2 1127.6 508.4 1124.0 508.6C1122.6 508.7 1119.2 509.3 1116.5 509.9C1112.6 510.8 1103.1 512.2 1094.8 512.9C1093.6 513.0 1092.8 519.0 1093.8 520.3C1095.4 522.4 1095.9 527.4 1094.8 530.6C1093.4 534.7 1095.5 545.6 1098.2 547.9C1099.2 548.7 1100.0 550.2 1100.0 551.0C1100.0 551.9 1100.5 553.1 1101.1 553.7C1102.7 555.3 1101.8 561.5 1100.0 561.5C1098.9 561.5 1098.6 560.6 1098.8 558.3C1099.1 555.9 1098.3 553.8 1096.2 550.7C1092.5 545.2 1090.1 534.2 1091.7 530.0C1092.8 527.0 1092.4 522.3 1090.8 520.3C1089.5 518.7 1090.6 512.6 1092.4 511.1C1093.1 510.5 1096.6 509.7 1100.1 509.4C1103.6 509.1 1109.9 508.1 1114.0 507.3C1118.1 506.4 1122.4 505.7 1123.5 505.6C1124.8 505.5 1125.9 504.4 1126.5 502.5C1127.0 500.9 1128.4 499.1 1129.5 498.5C1130.7 498.0 1133.4 496.1 1135.5 494.4C1137.7 492.6 1141.7 490.5 1144.4 489.6C1150.0 487.7 1150.9 488.1 1154.4 494.4L1156.6 498.5L1156.5 582.0C1156.4 646.3 1156.0 666.4 1155.1 669.3C1154.1 672.2 1154.1 673.8 1154.9 675.8C1156.2 678.8 1154.8 731.9 1153.4 734.2C1153.0 734.9 1152.5 738.6 1152.4 742.4C1152.1 748.9 1150.9 752.3 1149.7 750.3Z
M1282.3 744.2C1282.9 738.5 1282.4 734.0 1281.1 734.0C1280.8 734.0 1280.5 737.6 1280.5 742.0C1280.5 751.3 1281.5 752.5 1282.3 744.2Z
M1420.9 740.4C1419.9 737.8 1418.5 717.5 1418.9 709.5C1418.9 707.9 1419.2 702.1 1419.4 696.8C1419.7 689.1 1419.5 687.0 1418.4 686.6C1416.9 686.0 1416.5 682.4 1417.8 681.6C1418.3 681.3 1419.6 682.4 1420.8 684.0C1422.7 686.6 1422.9 687.8 1422.4 696.7C1421.8 709.6 1422.0 721.7 1422.9 724.2C1423.3 725.3 1423.2 728.4 1422.6 731.1C1421.6 736.1 1422.0 737.7 1424.1 736.5C1425.0 735.9 1425.1 733.1 1424.5 725.6C1424.1 720.0 1423.8 714.8 1423.8 714.0C1424.3 690.3 1424.7 687.0 1426.4 689.9C1426.8 690.4 1427.2 701.2 1427.4 713.9L1427.9 737.0L1425.0 740.2L1422.1 743.4L1420.9 740.4Z
M947.5 740.0C946.3 738.0 949.2 735.9 952.6 736.2C956.9 736.5 957.5 735.7 955.9 731.8C954.3 727.7 953.3 727.0 950.0 727.6C948.5 727.9 946.2 727.2 944.0 725.8C942.1 724.6 940.0 723.6 939.5 723.5C939.0 723.5 937.0 722.7 935.2 721.7C933.4 720.7 931.1 720.2 930.0 720.5C927.1 721.4 926.6 719.1 929.5 717.8C931.6 716.9 932.7 717.0 935.8 718.5C937.8 719.5 940.1 720.4 940.7 720.6C941.4 720.7 943.1 721.7 944.5 722.8C947.3 725.1 953.8 725.2 956.3 723.2C958.1 721.7 959.9 723.5 958.2 725.2C957.1 726.3 957.8 730.0 959.1 730.0C959.6 730.0 960.3 728.5 960.8 726.8C961.2 725.0 962.0 723.7 962.6 724.0C964.0 724.8 963.3 730.3 961.6 731.6C960.7 732.2 960.0 733.4 960.0 734.1C960.0 737.4 957.0 740.0 954.0 739.3C952.3 739.0 950.4 739.3 949.6 739.9C948.6 740.8 948.0 740.8 947.5 740.0Z
M994.5 740.1C994.2 739.5 994.4 738.1 995.0 737.0C996.3 734.5 995.5 733.0 993.0 733.0C990.9 733.0 989.6 731.5 990.5 730.1C990.8 729.5 992.3 729.5 994.2 730.1C995.9 730.6 997.6 730.7 997.9 730.5C998.8 729.5 997.1 728.8 992.8 728.5C990.0 728.3 988.5 727.7 988.5 726.9C988.5 723.7 1001.8 726.6 1005.0 730.5C1006.6 732.4 1008.0 732.4 1009.4 730.6C1010.6 729.0 1015.0 730.1 1015.0 732.0C1015.0 735.2 1005.8 735.8 1003.7 732.8C1001.8 729.9 999.6 731.6 998.3 736.9C997.4 740.5 995.7 741.9 994.5 740.1Z
M630.7 739.3C628.7 739.1 625.5 739.1 623.7 739.3C622.0 739.5 623.6 739.7 627.5 739.7C631.4 739.7 632.8 739.5 630.7 739.3Z
M659.5 735.6C658.2 733.7 658.0 732.6 658.8 731.8C659.5 731.1 660.2 731.4 661.0 733.0C662.0 735.0 662.7 735.1 667.8 734.6C670.9 734.3 674.4 734.1 675.5 734.0C681.7 734.0 694.6 731.6 695.5 730.3C696.5 729.0 696.8 729.0 697.9 730.3C700.7 733.7 691.6 736.2 670.9 737.6L661.2 738.3L659.5 735.6Z
M1414.6 735.1C1414.2 734.5 1414.0 731.6 1414.0 728.8C1414.5 715.6 1413.8 696.5 1412.9 695.4C1411.4 693.6 1413.9 692.5 1415.6 694.1C1416.6 695.2 1417.0 699.9 1417.1 714.8C1417.2 732.9 1416.5 738.3 1414.6 735.1Z
M1369.8 730.4C1369.9 730.3 1369.6 728.1 1369.0 725.5C1368.4 722.8 1368.2 720.0 1368.5 719.1C1368.9 718.2 1369.3 714.4 1369.6 710.6C1369.8 706.8 1370.4 703.2 1371.0 702.5C1371.8 701.6 1371.8 701.0 1371.0 700.5C1370.5 700.2 1370.0 698.0 1370.0 695.7C1370.0 693.4 1369.5 690.8 1369.0 690.0C1368.3 688.9 1368.0 689.5 1368.0 692.3C1368.0 695.3 1367.5 696.3 1366.1 696.7C1363.0 697.5 1362.0 708.5 1364.2 717.9C1365.3 722.7 1365.2 723.2 1363.1 725.4L1360.9 727.7L1363.1 728.3C1365.0 728.8 1365.2 729.4 1364.6 732.1L1364.0 735.4L1366.7 732.9C1368.3 731.6 1369.6 730.4 1369.8 730.4Z
M919.3 728.7C914.5 723.9 913.3 720.2 914.9 714.3C916.2 709.6 921.2 704.7 924.2 705.2C926.8 705.6 926.6 707.4 923.9 708.0C920.8 708.8 917.9 713.0 917.3 717.9C916.8 721.9 916.9 722.3 921.4 726.4C924.9 729.7 925.7 731.0 924.8 731.8C923.8 732.5 922.4 731.7 919.3 728.7Z
M1448.5 732.1C1448.2 731.6 1448.8 730.5 1449.8 729.8C1451.7 728.5 1459.0 712.1 1459.3 708.5C1459.5 706.7 1458.7 706.4 1453.2 706.0C1445.6 705.4 1445.0 703.6 1452.3 703.2C1459.1 702.8 1466.4 705.5 1463.7 707.5C1462.8 708.1 1462.3 708.9 1462.5 709.2C1462.8 709.5 1461.2 713.8 1459.0 718.7C1456.8 723.7 1455.0 728.2 1455.0 728.8C1455.0 731.1 1449.6 733.8 1448.5 732.1Z
M1282.9 712.2C1282.9 694.7 1283.1 693.4 1285.0 691.8C1287.6 689.7 1287.5 689.5 1284.6 689.5C1282.4 689.5 1282.1 690.0 1281.5 694.8C1280.4 703.7 1281.1 731.0 1282.4 731.0C1282.6 731.0 1282.8 722.6 1282.9 712.2Z
M565.0 726.1C558.0 725.3 558.3 723.5 565.6 723.4C568.6 723.3 572.9 722.7 575.0 722.0C578.6 720.8 579.2 720.9 581.0 722.5C582.8 724.1 583.5 724.2 586.4 723.2C588.2 722.5 591.7 722.0 594.3 722.0C598.2 722.0 599.0 721.7 599.0 720.2C599.0 715.2 604.7 714.7 609.8 719.1C612.8 721.7 613.9 722.1 617.1 721.7C621.4 721.1 622.5 721.7 620.9 723.7C618.6 726.4 610.4 724.5 607.1 720.6C605.2 718.4 602.0 718.6 602.0 720.9C602.0 723.7 600.1 724.7 594.0 725.3C591.0 725.6 587.0 726.2 585.2 726.5C582.8 727.1 581.4 726.8 580.0 725.5C578.2 723.9 577.8 723.9 574.6 725.4C572.7 726.3 571.0 726.9 570.8 726.8C570.7 726.7 568.0 726.4 565.0 726.1Z
M687.8 726.0C688.4 726.0 689.0 725.5 689.0 725.0C689.0 724.4 688.0 724.2 686.8 724.5C683.1 725.4 676.5 723.6 676.8 721.8C677.0 720.2 670.0 718.7 668.0 720.0C666.3 721.1 668.7 723.3 671.0 722.7C672.3 722.4 675.0 723.1 677.8 724.6C680.5 726.0 683.4 726.9 684.5 726.6C685.6 726.3 687.1 726.0 687.8 726.0Z
M1381.5 723.6C1379.6 722.3 1379.5 720.7 1379.5 696.1C1379.5 679.5 1379.9 669.9 1380.5 669.8C1381.1 669.6 1381.6 677.1 1381.8 690.5C1381.9 702.0 1382.3 712.2 1382.6 713.0C1383.0 713.8 1383.2 716.1 1383.1 718.1C1382.9 720.7 1383.3 721.9 1384.5 722.4C1385.4 722.7 1385.8 723.4 1385.5 724.0C1384.7 725.4 1383.7 725.3 1381.5 723.6Z
M710.5 723.0C710.2 722.5 708.6 722.0 707.1 722.0C702.0 722.0 700.2 717.4 704.2 714.6C705.4 713.7 707.7 713.0 709.2 713.0C710.7 713.0 713.1 712.5 714.5 711.8C716.6 710.9 717.6 710.9 719.1 711.8C721.4 713.3 724.9 712.5 730.4 709.4C732.8 708.0 736.4 707.0 739.0 706.9C743.1 706.7 743.2 706.6 740.0 706.3C736.0 705.8 733.0 703.5 733.0 700.9C733.0 698.0 734.9 697.7 736.0 700.5C736.9 702.8 737.5 703.1 740.7 702.8C744.1 702.5 744.5 702.2 745.2 698.6C745.7 696.4 746.5 694.1 747.0 693.5C747.5 692.8 747.7 692.0 747.3 691.7C747.0 691.3 746.6 688.1 746.5 684.4C746.3 680.8 745.7 677.3 745.1 676.7C744.1 675.8 743.9 676.6 744.2 680.2C744.6 686.4 742.7 686.8 741.6 680.7C740.8 676.8 740.9 675.6 742.2 674.4C744.4 672.2 747.9 674.2 748.6 678.0C749.1 680.2 749.9 681.0 751.9 681.2C753.7 681.4 754.9 682.4 755.9 684.8C756.9 687.1 758.0 688.0 759.7 688.0C761.0 688.0 762.6 689.0 763.6 690.5C764.5 691.9 765.5 692.8 765.8 692.5C766.1 692.2 765.5 691.1 764.5 690.0C762.4 687.7 761.3 679.6 762.9 678.6C765.1 677.2 764.0 675.0 761.1 675.0C757.5 675.0 753.9 673.2 749.8 669.1C748.0 667.4 745.4 665.4 744.0 664.7C740.9 663.2 738.3 658.3 739.8 656.8C740.5 656.1 741.3 656.7 742.3 658.7C743.9 661.7 748.1 664.4 751.5 664.5C752.9 664.5 753.4 665.1 753.2 666.6C752.8 669.3 757.1 672.2 760.8 671.9C762.3 671.7 764.0 671.9 764.7 672.3C766.1 673.2 769.0 678.8 769.0 680.7C769.0 681.4 770.1 682.5 771.5 683.0C772.9 683.5 774.8 685.3 775.9 687.0C778.2 690.9 780.4 689.1 779.4 684.1C778.8 681.4 779.2 680.4 781.9 677.8C785.0 674.7 785.5 674.9 786.2 679.5C786.4 681.1 786.0 681.4 784.1 681.2C781.9 680.9 781.8 681.0 782.5 685.0C782.9 687.2 783.9 690.5 784.7 692.2C787.3 697.3 782.3 701.3 779.5 696.4C779.0 695.4 777.6 693.7 776.4 692.6C775.2 691.4 773.8 689.5 773.1 688.2C771.8 685.8 769.1 685.3 767.3 687.1C766.4 688.0 766.7 689.0 768.2 691.0C769.3 692.6 769.9 694.3 769.6 694.9C768.3 696.9 764.1 696.1 762.4 693.5C761.5 692.1 760.1 691.0 759.2 691.0C758.4 691.0 756.9 690.3 755.9 689.4C752.7 686.5 751.1 691.9 753.8 696.7C754.9 698.6 754.7 699.1 753.1 700.0C751.0 701.1 749.4 699.9 750.5 698.1C750.8 697.6 750.6 696.9 750.1 696.6C749.6 696.3 748.9 697.6 748.6 699.6C748.2 701.5 747.2 703.4 746.4 703.7C745.5 704.0 745.1 705.3 745.2 706.9C745.5 709.4 745.3 709.5 739.5 710.1C732.0 710.9 727.8 712.9 729.1 715.2C729.7 716.3 729.5 717.2 728.4 718.1C727.1 719.1 726.8 719.0 726.3 717.1C725.8 715.3 725.3 715.0 722.8 715.5C721.2 715.9 719.3 715.7 718.6 715.1C717.6 714.3 716.4 714.3 714.6 715.0C713.1 715.5 710.6 716.0 709.0 716.0C707.4 716.0 705.8 716.5 705.5 717.1C704.5 718.7 705.8 719.4 707.3 718.1C708.4 717.3 709.1 717.5 710.5 719.0C712.2 720.8 712.5 720.9 714.0 719.5C715.5 718.2 715.9 718.2 716.9 719.3C717.7 720.4 717.7 721.0 716.8 721.7C714.7 723.4 711.2 724.1 710.5 723.0Z
M826.3 716.8C825.8 714.4 825.5 709.9 825.6 706.8C825.6 702.0 825.4 701.3 824.2 702.2C822.9 703.4 822.9 708.2 824.4 718.0C824.9 721.2 824.8 721.0 826.0 721.0C826.7 721.0 826.7 719.5 826.3 716.8Z
M882.9 719.6C884.4 717.8 883.4 715.3 880.9 714.7C878.9 714.2 878.4 716.2 879.6 719.4C880.4 721.4 881.4 721.4 882.9 719.6Z
M1387.4 719.9C1386.4 718.2 1386.1 674.0 1387.1 671.2C1389.0 666.3 1389.8 670.5 1389.4 682.6C1389.2 689.5 1389.4 694.9 1389.8 694.6C1391.3 693.7 1390.7 665.5 1389.3 665.7C1387.3 666.1 1385.7 662.1 1385.4 656.1C1384.2 630.6 1384.1 623.8 1384.8 618.7C1385.5 614.2 1385.4 612.7 1384.3 611.8C1381.4 609.4 1380.7 606.9 1382.5 605.0C1383.4 604.0 1383.9 602.6 1383.5 601.9C1382.5 600.4 1381.9 550.8 1382.8 544.7C1383.2 542.1 1383.9 539.9 1384.5 540.0C1385.1 540.0 1385.5 550.0 1385.5 567.4C1385.5 582.5 1385.9 595.2 1386.3 595.6C1387.3 596.6 1386.6 541.8 1385.2 514.5C1384.3 494.7 1383.7 490.0 1382.1 490.0C1381.0 490.0 1381.8 515.1 1383.3 525.5C1384.7 535.2 1384.4 538.4 1382.3 535.8C1379.8 532.7 1377.3 492.9 1379.2 488.8C1380.4 486.2 1383.7 486.6 1385.6 489.5C1387.8 492.9 1389.3 523.2 1389.5 570.6C1389.7 596.6 1390.1 606.2 1391.0 608.0C1391.8 609.5 1392.4 615.5 1392.6 624.4C1394.1 699.6 1394.1 694.9 1392.1 696.9C1390.6 698.4 1390.1 700.7 1389.7 709.4C1389.2 720.2 1388.8 722.1 1387.4 719.9Z
M586.5 714.1C586.2 713.5 587.0 712.5 588.4 711.8C590.3 711.0 590.7 710.4 590.0 709.5C588.0 707.1 597.3 702.7 601.7 703.9C606.1 705.1 606.9 704.7 604.7 702.3C603.9 701.3 603.1 700.0 602.9 699.5C602.1 695.2 597.8 693.0 595.0 695.5C592.9 697.4 575.3 697.6 570.3 695.8C567.7 694.8 566.2 694.8 563.8 695.8C559.6 697.3 557.9 695.8 561.3 693.5C564.7 691.3 568.6 690.9 570.7 692.6C573.4 694.6 592.3 694.5 594.0 692.5C595.6 690.6 597.3 690.6 601.3 692.7C603.1 693.6 606.1 694.2 608.0 694.1C611.8 693.9 616.3 697.1 614.1 698.5C612.1 699.7 613.0 705.4 615.5 708.3L618.0 711.1L622.2 708.3C624.6 706.8 627.0 704.9 627.5 704.2C629.3 702.0 634.0 704.4 634.0 707.5C634.0 710.8 629.8 713.0 626.9 711.2C624.4 709.6 624.3 709.6 621.4 712.7C619.4 714.9 618.6 715.2 617.1 714.3C615.3 713.2 591.8 713.4 588.8 714.5C587.9 714.9 586.9 714.7 586.5 714.1Z
M1240.8 709.9C1236.2 704.2 1234.4 692.6 1238.7 696.1C1239.4 696.7 1240.0 699.1 1240.0 701.5C1240.0 704.5 1240.6 706.2 1242.1 707.6C1244.3 709.5 1244.3 709.5 1243.1 707.3C1242.5 706.1 1242.0 702.4 1242.0 699.0C1242.0 695.6 1241.3 688.0 1240.4 682.0C1239.2 673.8 1239.1 670.7 1240.0 669.1C1241.3 666.5 1243.3 667.4 1242.4 670.2C1242.1 671.3 1242.3 675.0 1243.0 678.3C1243.6 681.7 1244.5 689.2 1245.0 695.0C1245.4 700.8 1246.1 706.6 1246.5 708.0C1246.9 709.5 1246.6 711.2 1245.7 712.4C1244.4 714.1 1244.1 714.0 1240.8 709.9Z
M1525.5 712.9C1523.8 712.4 1518.7 712.1 1514.0 712.2C1509.3 712.3 1503.9 711.9 1502.0 711.3C1499.0 710.3 1492.6 709.5 1481.1 708.5C1478.4 708.3 1477.2 706.6 1479.0 705.5C1480.0 704.9 1489.2 706.0 1501.5 708.2C1506.8 709.1 1520.7 710.0 1531.2 710.0C1534.6 710.0 1537.0 711.3 1535.3 712.3C1533.3 713.4 1528.2 713.8 1525.5 712.9Z
M886.5 710.8C883.4 709.9 879.0 710.5 879.0 711.8C879.0 712.2 881.4 712.3 884.2 712.1C889.1 711.7 889.3 711.6 886.5 710.8Z
M1398.4 710.9C1398.1 710.3 1397.6 697.8 1397.4 683.1C1397.2 668.5 1396.9 654.0 1396.9 651.0C1396.7 646.0 1398.0 643.5 1399.4 645.9C1400.4 647.5 1401.0 710.9 1400.0 711.5C1399.5 711.8 1398.8 711.5 1398.4 710.9Z
M612.0 709.1C610.9 708.4 610.0 707.0 610.0 706.2C610.0 704.9 609.7 705.0 608.6 706.5C607.4 708.2 606.7 708.3 602.7 707.4C599.2 706.6 597.6 706.6 595.6 707.7C591.1 710.1 593.7 711.0 604.1 710.8C612.9 710.5 613.8 710.3 612.0 709.1Z
M1408.6 709.3C1408.3 709.0 1408.0 704.0 1408.0 698.4C1408.0 689.6 1408.3 687.9 1409.8 686.8C1412.1 685.1 1412.4 669.3 1410.1 666.6C1409.0 665.3 1409.0 664.3 1410.4 660.1C1411.3 657.3 1412.0 654.4 1412.0 653.6C1412.0 652.3 1409.2 650.0 1407.5 650.0C1406.8 650.0 1407.2 664.0 1407.9 665.5C1408.5 666.7 1408.1 685.0 1407.4 686.1C1406.0 688.4 1404.9 685.2 1405.0 679.2C1405.1 675.5 1404.9 668.7 1404.5 664.0C1404.2 659.3 1403.8 650.3 1403.7 644.0C1403.7 637.7 1403.4 634.2 1403.1 636.3C1402.2 642.1 1400.6 640.8 1399.9 633.8L1399.4 627.5L1398.9 633.8C1398.7 637.2 1398.1 639.9 1397.5 639.8C1396.4 639.5 1396.0 608.9 1397.0 598.5C1397.6 591.4 1399.3 591.0 1400.1 597.7C1400.6 601.6 1400.7 601.0 1400.7 594.5C1400.8 590.1 1400.4 584.0 1400.0 581.0L1399.1 575.5L1399.5 581.7C1399.8 587.9 1398.9 590.3 1397.3 587.8C1396.9 587.1 1396.4 580.4 1396.3 573.0C1396.1 565.6 1396.0 558.4 1395.9 557.0C1395.8 550.3 1397.0 526.7 1397.6 525.8C1397.9 525.3 1399.1 525.1 1400.1 525.3C1402.0 525.8 1402.1 525.2 1401.7 505.4C1401.3 489.0 1401.5 484.8 1402.6 483.9C1404.4 482.4 1420.7 481.1 1422.0 482.4C1422.6 483.0 1423.0 486.1 1423.0 489.4C1423.0 492.8 1423.4 497.1 1423.9 499.0C1424.5 500.9 1424.6 507.0 1424.2 512.5L1423.5 522.5L1420.0 523.1C1418.1 523.4 1415.3 524.2 1413.8 524.8C1412.2 525.4 1411.0 525.8 1410.9 525.7C1409.9 521.8 1410.4 518.0 1412.1 516.4C1413.6 515.0 1414.0 513.3 1414.0 507.4C1414.0 503.4 1414.5 499.8 1415.0 499.5C1418.0 497.6 1414.5 490.5 1409.6 488.7C1407.6 487.9 1407.6 488.8 1409.7 493.6C1411.8 498.7 1412.3 509.8 1410.5 512.6C1409.7 513.8 1409.0 516.5 1409.0 518.6C1408.7 527.3 1410.0 556.1 1411.0 565.3C1412.0 574.0 1411.9 575.5 1410.5 577.6C1409.2 579.6 1408.6 579.9 1407.4 578.9C1406.6 578.3 1406.0 578.1 1406.0 578.6C1406.0 579.1 1405.3 578.6 1404.4 577.5C1403.0 575.6 1402.9 575.8 1403.2 580.5C1403.4 583.6 1403.9 585.4 1404.7 585.3C1407.6 584.7 1408.0 587.6 1407.0 603.0C1405.9 618.5 1406.3 623.1 1408.3 621.1C1409.0 620.4 1408.9 619.6 1408.1 618.6C1407.1 617.4 1407.1 615.9 1408.1 611.3C1408.9 607.9 1409.3 600.7 1409.1 593.9C1408.8 583.4 1409.7 579.0 1411.3 581.7C1412.2 583.1 1412.4 607.5 1411.6 609.3C1410.5 611.6 1413.9 610.4 1415.9 607.7C1418.0 604.7 1419.7 607.3 1417.6 610.4C1416.7 611.8 1416.0 613.5 1416.0 614.2C1416.0 615.0 1416.5 614.8 1417.1 613.8C1418.4 611.4 1419.3 611.5 1422.9 614.6C1426.4 617.5 1426.9 620.5 1424.1 621.9C1421.9 623.1 1415.4 618.6 1413.1 614.3C1411.1 610.5 1409.3 613.8 1411.0 618.1C1412.4 621.4 1411.0 624.3 1408.4 623.3C1406.8 622.7 1406.8 622.9 1406.6 637.2C1406.5 646.1 1406.7 646.9 1408.5 647.4C1411.5 648.2 1411.7 648.2 1412.3 645.9C1412.6 644.7 1413.3 644.1 1413.8 644.4C1414.9 645.1 1415.1 655.9 1414.0 658.0C1411.7 662.7 1411.9 665.0 1414.7 666.1C1417.1 667.0 1417.3 667.3 1416.0 668.3C1414.8 669.2 1414.5 671.5 1414.6 678.3C1414.7 685.9 1414.5 687.2 1412.9 688.1C1411.2 688.9 1411.0 690.4 1411.0 699.0C1411.0 708.0 1410.3 711.0 1408.6 709.3Z
M616.7 708.4C616.3 708.0 616.4 707.2 616.7 706.6C617.1 706.0 617.3 702.5 617.1 698.9C616.9 692.8 617.0 692.2 620.1 688.7C621.9 686.7 623.8 685.4 624.3 685.7C624.9 686.1 627.7 686.2 630.6 686.1C635.0 685.9 636.0 686.2 637.4 688.2C639.1 690.6 638.7 696.3 636.8 698.7C635.3 700.6 634.2 699.4 634.8 696.5C635.2 694.2 634.9 694.0 631.6 694.0C627.5 694.0 623.7 697.0 624.6 699.5C625.7 702.3 624.0 705.8 620.8 707.4C617.2 709.3 617.5 709.2 616.7 708.4Z
M667.9 708.3C667.8 707.9 667.8 707.2 667.8 706.9C667.9 706.5 667.0 705.4 666.0 704.5C663.5 702.3 663.5 700.6 666.0 695.2C667.8 691.3 668.2 691.0 671.4 691.2C675.8 691.5 676.4 690.9 675.5 686.9C674.9 684.2 674.6 683.9 673.8 685.4C673.1 686.7 672.5 686.9 671.4 686.0C669.7 684.5 671.1 681.5 673.9 680.7C676.7 680.0 677.7 681.6 678.8 688.9C679.6 694.6 679.5 695.7 677.7 698.8L675.7 702.2L678.5 704.4C682.3 707.5 681.0 709.8 677.0 707.0C674.5 705.2 674.2 705.2 674.4 706.8C674.5 708.5 668.1 710.1 667.9 708.3Z
M893.7 705.3C891.0 703.9 890.9 702.0 893.6 702.0C894.4 702.0 895.0 701.6 895.0 701.1C895.0 700.6 895.3 699.5 895.6 698.6C896.1 697.4 895.2 697.1 891.3 696.8C886.3 696.5 885.1 694.7 889.5 694.2C891.6 693.9 892.0 693.5 891.4 691.7C890.5 688.5 889.7 687.9 885.2 687.3C881.7 686.8 881.0 687.1 879.5 689.4C877.6 692.2 876.0 692.0 876.0 688.9C876.0 685.8 881.9 683.5 887.2 684.6C890.8 685.4 891.8 686.1 893.5 689.5C894.6 691.7 896.3 694.1 897.3 694.9C898.8 696.0 899.0 697.0 898.5 699.9C898.1 701.9 897.7 704.0 897.6 704.7C897.3 706.7 896.7 706.7 893.7 705.3Z
M673.5 702.2C673.7 700.4 674.5 697.9 675.4 696.5C676.8 694.4 676.8 694.0 675.6 694.0C674.7 694.0 673.6 694.9 673.0 696.0C672.2 697.4 671.3 697.9 670.1 697.5C667.2 696.6 666.6 700.9 669.2 703.7C672.0 706.7 673.2 706.2 673.5 702.2Z
M1517.5 703.9C1510.7 702.8 1492.6 701.2 1487.0 701.2C1480.8 701.2 1470.0 700.2 1467.0 699.4C1465.6 699.0 1461.3 698.7 1457.5 698.6C1453.7 698.6 1450.4 698.0 1450.2 697.5C1449.9 696.2 1465.0 695.0 1467.2 696.2C1469.2 697.2 1476.8 697.8 1494.8 698.4C1501.6 698.7 1509.5 699.4 1512.3 700.0C1515.2 700.6 1521.4 701.4 1526.3 701.8C1531.1 702.2 1535.1 703.0 1535.3 703.5C1535.6 704.8 1524.2 705.1 1517.5 703.9Z
M610.3 700.2C610.9 697.3 610.7 697.0 608.5 697.0C607.1 697.0 606.0 697.3 606.0 697.6C606.0 698.3 609.3 704.0 609.6 703.7C609.6 703.6 610.0 702.0 610.3 700.2Z
M621.7 700.4C620.8 695.0 625.0 691.0 631.5 691.0C634.5 691.0 635.9 690.6 635.5 690.0C634.4 688.2 624.3 689.1 622.0 691.2C619.7 693.3 619.0 704.0 621.1 704.0C621.9 704.0 622.1 702.8 621.7 700.4Z
M830.7 702.3C830.3 702.0 830.0 700.4 830.0 698.9C830.0 696.0 827.6 690.7 826.7 691.6C826.4 691.9 825.7 691.2 825.0 690.1C824.0 688.1 824.3 687.6 826.3 687.9C826.8 688.0 828.3 687.1 829.7 686.0C831.1 684.9 832.7 684.3 833.2 684.6C836.4 686.6 838.3 699.3 835.8 701.8C834.5 703.1 831.7 703.4 830.7 702.3Z
M833.0 689.9C832.2 688.5 831.5 688.1 830.8 688.8C830.2 689.4 830.4 690.8 831.4 692.8C832.3 694.5 833.1 696.9 833.2 698.2C833.3 699.5 833.5 698.6 833.7 696.3C833.9 694.0 833.6 691.1 833.0 689.9Z
M1269.9 696.2C1269.8 695.8 1269.9 695.0 1270.0 694.5C1270.2 694.0 1270.3 668.4 1270.4 637.8C1270.5 582.2 1270.5 582.1 1272.6 579.9C1275.7 576.9 1277.6 578.4 1275.0 581.8C1272.9 584.3 1272.9 585.2 1273.2 639.4C1273.3 669.7 1273.1 695.1 1272.7 695.8C1271.8 697.1 1270.1 697.4 1269.9 696.2Z
M1470.7 695.3C1470.4 694.8 1469.9 692.2 1469.5 689.4C1468.9 684.5 1469.0 684.0 1471.9 681.1C1475.8 677.1 1475.8 676.1 1471.5 672.0C1467.8 668.4 1465.9 662.7 1467.8 660.8C1469.0 659.6 1469.3 660.1 1470.4 665.0C1471.1 668.2 1477.8 675.2 1479.7 674.8C1482.2 674.3 1481.5 672.5 1478.5 672.0C1474.8 671.4 1474.7 669.6 1478.4 669.2C1480.3 668.9 1482.0 669.6 1483.9 671.3C1487.3 674.5 1489.2 675.0 1490.7 673.1C1491.7 671.7 1492.0 671.8 1492.8 674.0C1494.3 677.7 1491.8 679.4 1488.0 677.5C1481.4 674.1 1471.8 682.0 1472.7 690.1C1473.2 694.3 1472.0 697.4 1470.7 695.3Z
M799.8 688.0C797.2 684.2 795.6 680.8 796.1 680.5C798.1 679.2 797.0 674.1 794.1 671.3C790.3 667.5 789.5 663.2 791.5 658.4C792.7 655.6 793.3 654.9 794.2 655.8C795.1 656.7 795.0 657.6 794.1 659.6C792.7 662.8 793.4 665.4 797.3 670.2C799.8 673.4 800.2 674.5 799.7 678.0C799.2 682.1 801.0 686.1 806.1 691.6C808.0 693.6 807.8 695.0 805.5 695.0C804.9 695.0 802.3 691.9 799.8 688.0Z
M1429.1 691.5C1426.9 687.7 1427.3 684.3 1429.5 687.4C1431.4 689.9 1432.6 674.5 1431.0 669.5C1429.7 665.6 1429.1 653.1 1430.1 652.4C1431.6 651.5 1433.0 655.1 1432.9 659.7C1432.8 662.3 1433.3 666.8 1434.0 669.6C1435.3 674.9 1434.1 692.3 1432.2 694.2C1431.6 694.8 1430.4 693.6 1429.1 691.5Z
M751.5 688.0C751.9 687.4 752.5 687.2 753.0 687.5C753.4 687.8 753.6 687.1 753.3 686.0C752.4 682.5 749.0 684.2 749.0 688.1C749.0 689.3 750.7 689.3 751.5 688.0Z
M609.0 676.5C608.0 675.3 608.1 674.3 609.4 671.6C610.3 669.7 611.0 667.8 611.0 667.3C611.0 665.9 615.2 662.3 617.8 661.5C619.8 660.9 620.1 660.4 619.4 658.2C618.4 654.1 618.7 652.2 620.9 649.4C623.9 645.6 623.5 645.0 619.5 646.9C615.7 648.7 613.7 652.8 614.6 656.6C615.8 661.2 609.5 664.6 605.9 661.4C604.0 659.7 604.0 659.6 606.2 657.3C607.4 656.0 608.9 655.0 609.5 655.0C611.3 655.0 613.1 648.3 613.3 641.0C613.5 634.5 613.5 634.5 616.4 634.5C620.0 634.5 622.0 637.2 620.4 639.8C619.8 640.7 618.7 641.5 617.9 641.5C617.1 641.5 616.4 642.3 616.2 643.2C615.4 647.3 621.3 644.1 623.0 639.5C623.8 637.4 624.4 637.0 625.2 637.8C626.1 638.7 626.1 639.6 625.2 641.5C623.7 644.7 625.8 645.0 628.5 642.0C629.9 640.5 630.6 640.3 631.4 641.1C632.2 641.9 631.4 643.1 628.7 645.5C626.6 647.3 624.7 649.7 624.5 650.7C624.4 651.7 623.7 652.4 623.0 652.2C622.2 652.0 622.0 653.4 622.5 657.5C623.1 662.3 623.0 663.0 621.4 663.6C615.8 665.4 614.0 666.4 614.0 667.7C614.0 668.5 613.3 670.4 612.5 672.0C611.2 674.5 611.2 674.9 612.6 675.4C614.3 676.1 613.6 678.0 611.6 678.0C610.8 678.0 609.7 677.3 609.0 676.5Z
M1165.8 675.5C1165.0 670.3 1164.9 661.2 1165.2 604.0C1165.3 588.3 1165.3 570.5 1165.3 564.5C1165.2 558.5 1165.1 545.2 1165.2 535.1C1165.2 522.0 1164.8 516.5 1164.0 515.6C1163.0 514.8 1162.9 515.2 1163.2 517.8C1163.9 522.6 1161.6 541.6 1160.5 541.0C1159.9 540.7 1159.6 538.0 1159.6 535.0C1160.1 513.1 1160.4 511.6 1164.5 512.6C1167.0 513.2 1168.0 511.2 1168.0 505.0C1168.0 503.0 1168.7 500.4 1169.6 499.2C1171.4 496.5 1173.5 497.2 1172.0 500.0C1171.5 501.0 1171.0 503.6 1171.0 505.7C1171.0 507.8 1170.4 510.7 1169.6 512.2C1168.2 514.8 1167.9 528.3 1168.2 564.5C1168.3 570.5 1168.3 588.3 1168.2 604.0C1168.1 635.1 1168.1 668.1 1168.2 671.9C1168.2 674.2 1166.2 677.3 1165.8 675.5Z
M1011.0 668.8C1008.0 668.3 999.9 667.5 993.0 666.9C980.9 665.9 973.2 665.4 951.0 664.7C945.2 664.5 936.5 663.8 931.5 663.2C926.5 662.6 917.5 661.8 911.5 661.5C905.5 661.3 896.7 660.5 892.0 660.0C874.4 657.8 866.2 657.1 855.0 657.0C848.7 657.0 841.5 656.4 839.0 655.9C836.5 655.3 831.4 654.7 827.5 654.5C807.8 653.5 800.1 653.0 796.0 652.4C793.5 652.0 790.6 651.6 789.5 651.5C780.3 650.8 778.0 649.0 778.0 642.6C778.0 637.0 775.5 628.5 774.6 631.0C774.3 631.8 773.9 635.4 773.8 639.0C773.4 647.8 771.6 647.3 771.2 638.3C770.9 629.7 772.0 626.7 775.7 627.2C778.7 627.5 780.9 633.8 781.0 642.2C781.0 647.1 782.2 648.0 789.5 648.5C790.6 648.6 794.0 649.0 797.0 649.4C803.2 650.2 818.1 651.1 828.0 651.4C831.6 651.4 835.1 651.9 835.9 652.4C836.6 652.9 847.0 653.6 858.9 654.1C870.8 654.6 882.3 655.4 884.5 655.9C889.1 657.0 899.2 658.0 913.0 658.6C918.2 658.8 926.5 659.5 931.5 660.2C936.5 660.8 944.8 661.4 950.0 661.6C969.0 662.3 981.7 663.0 993.5 663.9C1012.0 665.5 1015.8 666.1 1017.0 667.5C1018.6 669.4 1017.2 669.7 1011.0 668.8Z
M636.1 665.6C635.5 664.9 634.7 662.3 634.4 659.8C633.8 655.6 634.0 655.1 636.7 653.2C639.8 651.0 641.8 651.3 639.9 653.7C638.0 655.9 640.5 655.2 642.6 652.9C643.8 651.6 645.3 651.0 646.7 651.3C649.9 651.9 651.2 649.8 651.0 644.8C650.5 636.0 651.0 633.3 653.5 630.6C654.9 629.1 656.5 628.2 657.1 628.5C657.8 629.0 657.4 630.0 656.1 631.4C653.5 634.1 653.4 636.0 655.8 636.0C658.2 636.0 660.0 637.9 660.0 640.6C660.0 643.2 657.6 645.4 655.5 644.6C654.4 644.2 654.0 644.8 654.0 647.4C654.0 651.3 650.4 655.2 647.0 654.8C645.3 654.6 643.9 655.6 641.4 659.2C639.5 661.9 638.2 664.0 638.6 664.0C640.0 664.0 643.0 661.8 643.0 660.7C643.0 660.0 643.7 658.4 644.6 657.1C647.0 653.7 648.4 655.9 646.5 660.3C644.1 666.0 638.7 668.8 636.1 665.6Z
M655.5 665.0C655.2 664.4 656.2 663.2 657.8 662.3C661.9 660.0 664.5 654.9 663.1 652.2C659.9 646.2 662.9 639.0 669.3 637.5C671.9 636.8 672.0 636.6 670.5 635.0C669.3 633.6 669.2 633.0 670.1 632.4C670.8 632.0 672.1 632.6 673.2 634.0C675.2 636.5 675.2 638.0 672.9 639.0C665.7 642.3 665.5 642.5 665.2 646.4C665.0 649.0 665.4 650.5 666.5 651.4C667.8 652.3 667.9 653.0 667.0 655.0C663.6 662.8 657.4 668.1 655.5 665.0Z
M1456.5 663.1C1456.1 662.4 1456.3 661.3 1456.9 660.7C1458.3 659.3 1458.3 653.2 1456.8 647.6C1455.9 644.3 1455.9 642.5 1456.7 640.7C1458.0 637.8 1463.8 634.9 1466.7 635.6C1469.4 636.3 1470.5 632.4 1468.5 629.3C1466.4 626.1 1466.6 621.0 1469.0 618.5C1470.6 616.8 1471.2 614.0 1472.1 603.0C1473.6 583.6 1473.5 579.7 1471.5 576.6C1469.5 573.6 1469.3 568.2 1471.0 565.0C1472.7 561.8 1474.0 563.7 1473.4 568.4C1472.9 571.5 1473.2 573.4 1474.5 575.3C1477.6 580.0 1475.5 615.7 1472.0 619.5C1469.7 622.0 1469.4 626.2 1471.4 627.9C1472.2 628.6 1472.7 630.1 1472.5 631.3C1471.9 635.8 1470.0 644.2 1469.4 645.1C1468.3 647.0 1466.9 644.7 1467.4 641.7C1467.9 638.9 1467.9 638.8 1467.0 640.8C1466.0 643.2 1464.0 643.0 1464.0 640.4C1464.0 638.4 1462.6 638.6 1460.5 641.0C1458.8 642.9 1458.7 643.6 1459.8 647.6C1461.5 654.0 1461.3 659.4 1459.2 662.1C1457.8 663.7 1457.1 664.0 1456.5 663.1Z
M1390.5 651.2C1390.1 645.9 1389.7 634.8 1389.5 626.5C1389.2 618.2 1389.0 611.3 1389.0 611.0C1389.0 610.7 1388.6 611.0 1388.2 611.7C1387.2 613.3 1387.6 655.1 1388.7 659.7C1390.0 665.1 1391.0 660.1 1390.5 651.2Z
M567.0 658.0C566.3 656.6 566.1 653.2 566.6 647.7C567.3 638.4 567.7 637.5 569.5 639.0C570.4 639.8 571.0 639.8 571.5 639.0C573.0 636.5 573.5 639.4 573.0 649.2C572.5 658.8 572.4 659.5 570.3 659.8C568.9 660.0 567.7 659.4 567.0 658.0Z
M757.5 650.0C757.1 649.4 754.2 649.0 750.6 649.1C747.1 649.2 743.7 648.9 743.0 648.5C741.8 647.8 735.4 647.1 725.7 646.8C720.4 646.6 718.0 644.6 718.0 640.2C718.0 635.8 716.2 634.0 712.0 634.0C709.3 634.0 708.0 634.4 708.0 635.3C708.0 636.1 707.1 637.5 706.0 638.5C704.9 639.5 704.0 640.9 704.0 641.7C704.0 644.6 699.6 645.3 695.8 643.0C690.3 639.8 690.2 635.0 695.7 635.0C697.6 635.0 700.3 630.3 699.7 628.0C699.4 626.9 700.0 624.9 701.2 623.4C705.5 618.1 702.0 610.1 695.4 610.0C690.7 610.0 689.6 608.0 690.4 601.2C691.0 596.1 690.8 595.1 689.0 593.5C687.9 592.5 687.0 590.9 687.0 589.9C687.0 588.1 685.6 587.6 677.8 586.4C674.3 585.9 674.0 586.1 674.0 588.4C674.0 589.8 674.5 591.2 675.0 591.5C675.5 591.8 676.0 593.0 676.0 594.1C676.0 595.3 676.7 596.0 677.9 596.0C679.0 596.0 680.1 596.4 680.4 596.9C681.0 597.9 678.6 600.3 677.8 599.5C677.5 599.2 676.0 599.6 674.4 600.5C672.8 601.3 671.2 601.6 670.7 601.1C669.5 599.9 670.7 598.0 672.6 598.0C674.4 598.0 674.4 597.9 672.4 593.0C671.5 590.7 671.1 587.9 671.4 586.5C671.8 585.1 671.7 584.0 671.3 584.1C669.3 584.4 668.9 583.9 670.1 582.3C670.9 581.4 671.5 578.4 671.5 575.1C671.5 569.7 673.2 566.8 673.8 571.0C674.1 573.0 675.1 573.6 676.3 572.3C676.7 572.0 676.3 570.9 675.4 569.9C674.4 568.8 674.0 567.4 674.4 566.3C675.1 564.7 675.3 564.8 677.1 567.0C678.7 569.1 679.1 569.3 680.0 568.0C680.9 566.6 681.3 566.4 684.5 566.1C685.3 566.1 686.2 564.9 686.6 563.5C687.3 560.7 689.5 558.6 690.9 559.4C691.5 559.8 691.4 561.1 690.5 562.8C689.7 564.3 688.9 566.3 688.6 567.2C688.3 568.3 687.1 569.0 685.7 569.0C684.4 569.0 682.0 570.5 680.0 572.5C678.1 574.4 676.0 576.0 675.3 576.0C674.6 576.0 674.0 576.4 674.0 576.9C674.0 577.4 676.9 577.5 680.4 577.3C686.4 576.8 687.0 576.9 689.3 579.4C692.3 582.6 693.4 586.9 691.4 587.7C689.8 588.3 689.5 592.0 691.0 592.0C692.7 592.0 694.2 587.9 693.7 584.6C693.5 582.9 693.7 580.6 694.3 579.5C695.3 577.7 695.5 576.4 696.3 570.4C696.4 569.3 697.1 567.5 697.9 566.6C699.0 565.3 699.0 564.6 698.2 563.8C695.6 561.2 699.3 550.9 702.2 552.6C702.9 553.1 703.1 552.1 702.6 549.6C702.1 547.2 702.3 545.3 703.1 544.4C704.5 542.7 703.7 541.5 701.5 542.3C700.7 542.7 700.0 543.8 700.0 544.8C700.0 547.8 696.4 550.6 694.5 549.0C692.7 547.5 693.4 545.8 695.5 546.7C696.5 547.0 697.0 546.6 697.0 545.3C697.0 540.3 703.1 537.0 706.1 540.6C707.1 541.9 707.1 542.6 706.1 544.2C705.2 545.7 705.1 547.4 706.0 551.6C707.1 556.7 709.0 558.2 709.0 553.9C709.0 551.4 711.5 550.4 714.8 551.6C718.1 552.8 725.0 546.4 726.5 540.7C727.8 535.7 729.6 536.0 729.2 541.2C729.0 544.7 728.1 546.1 723.4 550.8C717.3 556.7 717.6 555.7 719.6 567.1C719.9 569.1 719.8 571.0 719.3 571.3C717.7 572.3 713.6 569.6 712.2 566.7C710.8 563.9 709.6 563.3 708.5 565.0C708.2 565.5 706.9 565.8 705.7 565.6C704.5 565.5 703.7 565.1 703.9 564.9C704.1 564.7 703.8 563.5 703.2 562.4C701.7 559.5 702.9 558.6 705.4 560.7C707.4 562.5 707.4 562.5 705.7 559.8C704.8 558.3 704.0 556.4 704.0 555.5C704.0 553.0 702.6 553.8 701.1 557.0C700.1 559.5 700.0 560.7 701.0 563.0C702.0 565.4 702.0 566.3 700.9 567.6C699.7 569.1 699.4 570.2 698.7 576.0C698.5 577.4 697.9 579.4 697.3 580.5C696.6 581.6 696.5 583.3 697.0 584.6C697.6 586.1 697.3 587.9 696.0 590.5C695.0 592.5 693.8 597.0 693.5 600.6C692.6 608.4 693.3 608.6 701.1 603.5C704.1 601.6 706.8 600.0 707.2 600.0C707.7 600.0 708.0 598.7 708.0 597.1C708.0 595.5 708.8 593.2 709.8 591.9L711.7 589.7L716.3 591.9C722.0 594.7 722.2 596.4 717.5 600.9C713.2 604.9 713.2 605.3 717.3 609.0C719.5 610.9 721.1 613.5 722.0 617.0C723.1 620.9 723.9 622.2 725.7 622.6C728.8 623.4 729.2 623.0 729.6 617.4C730.0 612.2 731.3 609.9 733.0 611.6C733.6 612.2 733.6 613.8 733.0 616.0C732.5 617.9 732.2 620.2 732.5 621.1C733.5 624.0 727.9 627.4 724.7 625.8C723.3 625.1 722.8 625.5 722.0 627.6C720.6 631.1 718.4 629.4 719.6 625.9C720.5 623.2 720.2 619.0 719.0 617.5C718.6 617.0 718.0 615.2 717.6 613.5L716.9 610.6L713.0 614.8C710.8 617.1 708.4 619.0 707.5 619.0C706.7 619.0 706.0 619.8 706.0 620.8C706.0 621.9 705.2 623.4 704.1 624.4C702.9 625.5 702.5 626.9 702.8 628.5C703.3 631.5 698.8 638.0 696.2 638.0C694.8 638.1 694.9 638.4 696.9 640.0C699.6 642.3 701.0 642.5 701.0 640.7C701.0 639.9 701.9 638.5 702.9 637.6C704.0 636.6 705.0 634.8 705.2 633.6C705.5 631.8 706.2 631.5 711.2 631.2C716.8 630.9 717.0 631.0 719.0 634.2C720.1 636.0 721.0 638.7 721.0 640.2C721.0 641.8 721.3 643.0 721.8 643.1C722.2 643.1 723.9 643.3 725.5 643.5C727.2 643.8 731.7 644.1 735.5 644.3C739.4 644.5 743.4 645.1 744.5 645.6C745.6 646.1 749.0 646.3 751.9 646.0L757.4 645.5L754.3 642.0C750.7 637.8 748.3 629.9 750.5 629.1C751.0 628.9 752.2 630.7 753.0 633.1C754.8 638.7 754.7 638.5 756.4 637.1C758.7 635.2 759.4 623.3 757.6 618.8C754.5 611.6 756.2 605.0 760.8 606.4C763.6 607.3 767.8 614.4 767.3 617.2C767.1 618.5 767.5 621.4 768.3 623.7C769.6 627.5 769.6 628.3 767.8 632.2C766.8 634.5 766.1 637.4 766.4 638.6C767.1 641.1 764.0 644.3 761.8 643.5C759.3 642.5 757.3 645.8 759.4 647.3C761.0 648.5 761.0 648.8 759.7 649.9C758.6 650.7 758.0 650.8 757.5 650.0Z
M1093.3 648.8C1092.9 648.1 1092.4 645.2 1092.3 642.5C1092.2 639.8 1091.7 633.9 1091.4 629.5C1090.2 616.6 1090.6 608.5 1092.5 605.7C1093.4 604.3 1094.0 602.2 1093.8 601.1C1093.4 598.6 1095.1 598.2 1096.4 600.4C1097.2 601.5 1097.0 602.9 1095.6 605.4C1093.8 608.8 1093.7 609.7 1093.9 627.1C1093.9 629.6 1094.6 634.1 1095.3 637.1C1096.3 640.9 1096.4 643.0 1095.7 644.2C1094.9 645.4 1095.0 646.2 1095.8 647.3C1096.9 648.6 1096.5 650.0 1094.9 650.0C1094.5 650.0 1093.8 649.4 1093.3 648.8Z
M1300.5 649.1C1300.2 648.5 1299.7 637.2 1299.4 623.8L1298.8 599.5L1295.9 596.5C1291.8 592.2 1291.5 581.0 1295.5 578.4C1296.8 577.6 1298.3 577.1 1298.8 577.4C1300.6 578.5 1301.0 573.4 1300.8 549.8C1300.8 536.8 1301.0 525.7 1301.4 525.1C1302.1 524.1 1307.5 523.8 1309.3 524.8C1309.7 525.0 1309.6 525.8 1308.9 526.6C1308.1 527.6 1308.1 529.5 1308.8 533.5C1309.7 538.7 1309.1 540.8 1307.1 539.6C1306.7 539.3 1306.0 536.3 1305.6 532.9C1305.2 529.5 1304.7 527.0 1304.4 527.2C1304.2 527.5 1303.8 542.0 1303.6 559.4C1303.4 581.1 1303.0 591.4 1302.2 592.2C1300.7 593.7 1300.1 592.1 1299.8 585.5C1299.4 577.9 1296.6 578.5 1296.2 586.3C1295.9 591.6 1296.2 592.4 1298.9 595.6C1302.0 599.0 1302.0 599.1 1302.1 611.3C1302.1 618.0 1302.5 625.8 1303.0 628.5C1303.4 631.3 1303.5 624.8 1303.2 614.0C1302.8 596.7 1302.9 594.3 1304.3 593.1C1305.3 592.4 1306.0 592.1 1306.0 592.6C1306.0 593.1 1306.2 605.3 1306.6 619.7C1306.9 637.8 1306.8 646.5 1306.0 648.0C1304.9 650.1 1301.6 650.7 1300.5 649.1Z
M1302.9 635.6C1302.0 634.8 1301.9 635.3 1302.4 637.9C1302.7 639.7 1303.1 642.7 1303.2 644.4C1303.3 646.1 1303.5 645.1 1303.7 642.1C1304.0 638.8 1303.7 636.3 1302.9 635.6Z
M763.0 637.9C763.0 637.0 763.7 634.6 764.6 632.5C765.8 629.5 765.9 627.9 765.0 623.4C764.4 620.5 764.0 617.2 764.2 616.2C764.5 614.2 760.3 608.3 759.3 609.4C758.9 609.7 759.2 612.4 760.0 615.3C762.0 623.1 761.6 635.7 759.2 638.4C755.9 642.1 756.0 642.8 759.5 641.1C761.4 640.2 762.9 638.8 763.0 637.9Z
M1250.5 639.1C1250.2 638.6 1250.4 637.9 1251.0 637.5C1252.9 636.3 1252.0 630.3 1249.5 626.6C1247.1 623.1 1247.0 622.3 1247.1 608.2C1247.2 591.0 1248.1 581.4 1249.5 581.8C1250.1 581.9 1250.4 589.2 1250.1 602.0L1249.7 622.0L1252.6 625.7C1254.8 628.6 1255.3 630.3 1255.1 633.4C1254.7 638.7 1252.2 641.8 1250.5 639.1Z
M677.1 634.4C674.5 631.1 674.5 631.1 677.5 624.8C680.3 618.9 679.8 617.3 674.7 616.8C672.9 616.6 671.6 616.0 671.7 615.5C672.1 614.0 677.1 613.7 679.7 615.1C681.6 616.1 682.3 616.1 684.0 614.5C685.9 612.8 686.0 612.8 686.6 614.5C687.1 615.7 686.7 616.8 685.4 617.8C683.5 619.2 683.5 619.2 685.5 618.7C686.6 618.5 688.2 618.1 689.0 617.9C690.0 617.6 690.5 618.2 690.5 619.5C690.5 621.6 690.3 621.7 684.5 621.9C682.1 622.0 681.0 622.5 681.0 623.5C681.0 624.4 680.3 626.5 679.4 628.1C678.2 630.5 678.1 631.5 679.1 632.6C680.8 634.7 681.4 634.4 682.8 630.8C684.3 626.6 686.1 628.3 685.1 633.0C684.2 637.7 680.2 638.4 677.1 634.4Z
M1346.0 632.2C1346.8 629.6 1347.4 626.1 1347.3 624.5C1347.2 622.9 1346.8 616.7 1346.4 610.8C1345.8 599.4 1344.8 597.6 1341.7 602.3C1340.3 604.4 1341.2 610.6 1343.3 612.6C1343.5 612.9 1343.1 615.5 1342.4 618.5C1341.4 623.2 1341.4 624.5 1342.7 627.1C1343.6 629.0 1344.0 631.5 1343.7 633.6C1342.9 638.6 1344.3 637.7 1346.0 632.2Z
M606.7 626.3C605.8 624.7 606.9 614.8 608.4 611.6C609.2 609.8 611.1 607.8 612.5 607.2C615.0 606.0 615.9 602.7 614.0 601.5C613.5 601.2 613.0 599.3 613.0 597.4C613.0 592.9 610.8 592.9 608.1 597.5C606.8 599.7 605.3 601.0 604.0 601.0C601.9 601.0 598.8 602.5 595.8 604.8C593.3 606.8 589.6 605.9 589.2 603.2C588.9 601.6 590.0 599.8 592.8 597.2L596.8 593.5L595.8 587.0C594.6 579.8 592.2 574.0 590.3 574.0C589.6 574.0 589.0 574.5 589.0 575.1C589.0 575.7 587.9 578.4 586.6 581.0C584.7 584.8 584.5 585.7 585.7 585.6C588.6 585.4 591.5 590.6 590.2 593.6C589.1 595.9 588.5 596.2 584.2 595.8L579.5 595.5L579.5 605.4C579.5 615.0 579.4 615.3 577.2 615.5C573.8 615.8 573.1 614.1 572.8 605.0L572.5 596.6L567.5 596.9C563.5 597.1 562.0 596.7 560.6 595.2C558.6 592.9 560.2 591.1 562.6 593.1C563.5 593.9 565.8 594.1 569.1 593.7C575.2 593.0 576.0 594.3 576.0 605.2C576.0 615.9 576.9 612.9 577.1 601.5C577.2 592.5 577.5 591.0 580.1 586.7C583.5 581.1 588.0 570.4 587.3 569.6C587.0 569.4 587.1 568.6 587.5 568.0C589.1 565.4 598.0 577.7 598.0 582.6C598.0 586.4 599.2 591.0 600.1 590.5C601.5 589.6 599.8 575.6 598.1 574.3C596.7 573.3 596.7 573.1 598.3 572.5C601.4 571.3 603.0 573.8 603.0 579.9C603.0 587.4 604.3 589.4 607.1 586.0C608.7 584.1 609.1 582.6 608.7 579.8C608.0 574.8 609.7 572.8 614.0 573.2C618.4 573.6 621.5 578.6 620.5 583.8C620.0 586.7 620.1 587.1 621.7 586.8C623.7 586.4 625.1 581.1 625.0 574.3C624.9 570.6 625.5 569.5 629.4 565.5C632.2 562.7 633.7 560.4 633.3 559.5C632.6 557.5 634.7 555.0 637.2 555.0C639.5 555.0 639.8 555.9 640.4 563.5C640.7 566.8 641.2 570.9 641.5 572.7C642.1 575.3 641.8 576.0 640.0 577.0C636.8 578.7 634.6 576.5 637.4 574.4C639.1 573.2 639.2 572.7 638.0 570.6C637.3 569.2 637.0 567.2 637.3 566.1C638.1 563.0 635.8 563.5 631.6 567.4C628.7 570.2 628.0 571.6 628.0 574.5C628.0 579.1 630.2 578.8 631.1 574.1C631.9 570.3 633.4 568.5 634.9 569.4C635.6 569.9 635.6 570.8 634.8 572.6C633.0 576.6 636.5 579.6 641.7 578.3C646.4 577.2 647.0 574.6 644.1 566.9C641.5 560.2 641.5 559.3 644.0 558.0C646.4 556.7 650.7 559.3 652.9 563.3C654.1 565.5 654.5 565.6 657.9 564.7C662.8 563.4 665.0 564.3 665.0 567.5C665.0 569.3 664.3 570.3 662.4 571.1C660.9 571.6 659.9 572.3 660.2 572.6C661.3 573.6 665.8 571.0 666.3 569.0C667.0 566.4 669.0 567.2 669.0 570.1C669.0 572.4 663.4 576.2 660.6 575.8C656.7 575.2 656.2 572.1 659.5 569.3C662.4 566.9 662.4 566.8 660.0 567.4C658.6 567.8 656.9 568.2 656.2 568.4C655.5 568.5 654.2 569.6 653.4 570.9C652.5 572.1 651.2 572.9 650.4 572.6C649.5 572.2 649.0 572.8 649.0 574.3C649.0 579.8 639.5 584.3 635.3 580.8C632.6 578.6 628.0 578.9 627.6 581.4C627.3 582.5 626.8 584.9 626.4 586.5C626.0 588.1 625.8 590.1 625.9 590.8C626.2 592.4 629.9 596.3 630.2 595.2C630.2 594.8 630.4 594.0 630.5 593.5C630.7 593.0 630.8 592.0 630.9 591.4C631.1 589.6 641.9 582.0 642.6 583.1C643.4 584.4 640.3 587.8 636.8 589.6C634.9 590.6 634.0 591.9 634.0 593.4C634.0 594.6 633.1 596.5 632.0 597.5C630.0 599.3 629.9 599.3 627.7 597.2C624.3 594.0 618.5 594.4 621.1 597.6C622.0 598.7 621.8 599.1 620.5 599.7C619.3 600.1 618.2 599.7 617.4 598.5C616.2 596.9 616.0 596.8 616.0 598.2C616.0 599.1 616.5 600.2 617.0 600.5C617.5 600.8 618.0 602.2 618.0 603.5C618.0 604.8 618.5 606.2 619.0 606.5C619.6 606.9 619.8 607.6 619.4 608.1C619.1 608.6 618.4 608.8 617.9 608.5C616.6 607.6 611.2 611.7 610.5 614.0C610.1 615.1 609.7 618.1 609.6 620.5C609.4 624.9 607.8 628.1 606.7 626.3Z
M900.0 617.8C883.5 617.2 875.1 616.5 874.3 615.7C872.5 613.9 871.7 516.1 873.4 507.0C874.1 503.3 875.0 499.8 875.3 499.3C876.1 498.0 897.6 495.3 912.2 494.6C918.2 494.3 923.9 493.5 925.0 492.8C926.7 491.7 927.3 491.8 929.0 493.5C930.8 495.4 930.9 496.1 929.9 505.0C928.9 514.1 929.1 538.9 930.6 592.1L931.3 615.7L928.9 617.3C927.6 618.3 926.1 618.9 925.5 618.8C925.0 618.8 913.5 618.3 900.0 617.8Z
M1403.0 615.5C1403.0 613.0 1401.2 612.5 1399.8 614.5C1398.6 616.1 1398.9 616.8 1400.8 617.3C1401.7 617.6 1402.6 617.8 1402.8 617.9C1402.9 617.9 1403.0 616.9 1403.0 615.5Z
M709.0 615.0C709.0 614.4 710.1 612.9 711.5 611.6L714.0 609.3L709.9 607.7C706.0 606.2 705.1 603.3 708.8 604.5C711.0 605.1 713.7 601.3 712.1 599.7C711.4 599.0 710.9 599.2 710.4 600.4C710.0 601.3 708.1 602.9 706.1 604.0C699.4 607.6 699.2 607.8 701.8 609.6C703.1 610.5 704.5 612.3 705.0 613.6C705.9 616.0 709.0 617.0 709.0 615.0Z
M927.6 592.1C926.2 542.7 926.0 514.1 926.9 505.5C927.9 496.3 927.3 493.7 924.7 495.8C924.0 496.5 916.2 497.4 907.4 498.0C898.7 498.6 888.4 499.7 884.5 500.3L877.6 501.5L876.4 507.5C875.4 512.4 875.4 612.5 876.4 613.7C876.8 614.1 925.6 615.5 926.9 615.1C928.0 614.8 928.2 610.9 927.6 592.1Z
M787.2 613.4C786.1 612.6 785.9 611.2 786.4 607.9C786.8 605.5 787.3 599.9 787.6 595.5C788.0 591.1 788.7 586.9 789.3 586.2C790.1 585.2 790.0 585.0 788.9 585.2C787.0 585.6 786.0 567.5 786.3 536.3C786.6 506.2 784.7 508.9 806.5 506.6C815.3 505.6 823.9 504.7 825.5 504.4C832.2 503.3 831.9 500.8 832.4 559.7C832.8 600.2 832.6 613.1 831.7 613.7C829.8 615.0 788.9 614.7 787.2 613.4Z
M1061.3 611.4C1060.9 610.4 1061.5 608.1 1062.8 605.9C1064.7 602.6 1065.0 600.6 1065.0 589.8C1065.1 574.0 1065.0 558.8 1064.8 552.5C1064.7 549.8 1065.0 545.8 1065.5 543.7C1066.1 540.7 1065.9 539.5 1064.5 538.0C1062.8 536.1 1062.8 535.8 1064.3 532.3C1066.2 528.0 1066.0 489.6 1064.1 487.7C1063.5 487.1 1061.6 487.3 1058.8 488.2L1054.5 489.7L1053.8 495.7C1053.0 503.0 1050.7 508.0 1048.1 508.0C1044.9 508.0 1043.8 505.6 1044.9 501.3C1047.9 490.1 1047.9 489.0 1045.7 490.2C1044.6 490.8 1039.4 491.5 1034.1 491.7C1028.8 492.0 1024.0 492.6 1023.5 493.0C1023.0 493.5 1017.9 493.7 1012.2 493.6C1002.7 493.4 1001.9 493.5 1000.5 495.6C998.6 498.6 994.6 499.4 991.0 497.5C989.1 496.5 985.3 496.0 979.9 496.0C972.4 496.0 971.6 496.2 969.8 498.5C967.6 501.3 963.9 501.7 960.0 499.5C956.3 497.4 953.0 497.7 950.6 500.3C948.7 502.3 947.6 502.6 941.0 502.5C936.9 502.5 933.4 502.0 933.3 501.5C932.9 499.9 938.1 498.9 942.9 499.5C946.7 499.9 947.5 499.7 949.3 497.4C951.5 494.5 956.4 494.4 962.7 497.1C965.7 498.3 966.0 498.2 968.4 495.7C970.8 493.1 971.4 493.0 980.3 493.0C986.9 493.0 990.2 493.4 991.6 494.5C994.3 496.6 995.6 496.4 998.8 493.2C1001.6 490.4 1002.0 490.4 1011.6 490.5C1017.0 490.6 1022.0 490.4 1022.5 490.0C1023.3 489.4 1030.2 488.7 1045.9 487.7C1049.0 487.4 1048.4 480.7 1044.6 474.9C1041.2 469.8 1042.3 467.7 1046.1 472.2C1049.2 475.8 1051.0 480.7 1051.0 485.7C1051.0 488.9 1051.0 488.9 1053.8 487.5C1062.8 482.8 1063.2 482.8 1065.7 485.3C1068.0 487.6 1068.1 488.2 1068.5 508.9C1068.9 526.8 1068.7 530.6 1067.4 533.2C1066.0 535.9 1066.0 536.3 1067.5 538.0C1068.8 539.5 1069.1 540.8 1068.5 543.7C1068.1 545.8 1067.9 549.8 1067.9 552.5C1068.1 558.1 1068.1 571.5 1068.0 590.0C1068.0 600.8 1067.7 602.9 1066.0 605.5C1064.9 607.1 1064.0 609.3 1064.0 610.2C1064.0 612.6 1062.1 613.4 1061.3 611.4Z
M629.3 607.5C625.8 603.7 624.9 600.6 627.9 602.4C628.4 602.7 629.0 602.3 629.4 601.5C630.1 599.6 635.4 599.5 637.0 601.4C637.6 602.2 639.3 603.0 640.7 603.2C645.2 603.7 646.0 606.7 642.5 609.6C637.8 613.3 634.3 612.8 629.3 607.5Z
M829.4 559.7L828.9 507.5L826.7 507.6C825.5 507.7 816.8 508.5 807.4 509.5L790.2 511.3L789.6 518.9C788.8 529.1 788.9 563.6 789.8 568.0C790.2 569.9 790.7 560.0 791.0 546.0C791.7 512.1 793.4 512.1 793.8 546.0C794.0 570.3 793.5 576.0 790.9 574.5C790.4 574.1 790.0 574.8 790.0 575.9C790.0 577.1 790.6 577.9 791.2 577.8C792.8 577.4 793.6 584.8 792.1 586.3C791.5 586.9 791.0 590.2 791.0 593.7C791.0 597.1 790.5 601.9 789.8 604.3C787.9 611.7 787.3 611.5 809.8 611.7L829.9 611.8L829.4 559.7Z
M922.9 609.4C922.2 608.6 920.8 608.1 919.8 608.3C917.4 609.0 915.2 605.3 917.5 604.4C918.3 604.1 919.7 604.0 920.5 604.4C921.4 604.7 922.0 604.4 922.0 603.5C922.0 602.3 920.9 602.1 916.2 602.6C908.5 603.4 908.1 603.5 907.0 606.5C905.6 610.1 900.7 609.7 900.2 606.0C899.7 602.2 898.6 601.7 893.0 602.5C888.8 603.1 887.7 603.7 887.0 605.6C885.6 609.1 883.2 609.7 880.7 607.1C878.6 605.0 878.6 604.8 878.7 557.3L878.9 509.5L881.9 507.9C883.6 507.0 889.1 505.8 894.2 505.1C915.2 502.5 919.5 501.7 920.7 500.1C921.7 498.7 922.0 498.8 922.8 501.0C924.0 504.2 923.5 505.0 920.2 505.0C916.1 505.0 883.1 509.6 882.4 510.2C881.3 511.4 881.6 605.4 882.8 605.7C883.4 606.0 884.0 605.5 884.0 604.6C884.0 602.6 887.9 600.0 890.8 600.0C892.8 600.0 893.0 599.7 892.1 598.6C891.0 597.3 891.4 595.1 895.1 582.5C896.5 577.6 895.8 557.4 894.1 554.1C893.1 552.4 893.1 551.5 894.0 550.4C895.3 548.9 897.4 549.5 896.4 551.1C896.1 551.6 896.4 552.8 897.2 553.7C898.9 555.7 899.1 583.5 897.4 587.1C896.8 588.4 895.6 591.6 894.8 594.2C893.3 598.8 893.3 599.0 895.2 599.0C896.2 599.0 896.8 598.5 896.5 598.0C896.1 597.4 896.6 595.5 897.5 593.7C899.3 590.0 900.8 562.3 899.6 552.9L898.9 547.4L892.9 547.8C886.6 548.3 884.0 547.2 884.0 544.0C884.0 541.2 886.5 539.9 892.9 539.3L898.9 538.7L899.5 533.6C899.9 530.8 900.0 525.6 899.8 522.0L899.5 515.5L892.8 515.5C885.6 515.5 883.3 514.3 884.4 511.3C885.1 509.7 885.3 509.7 886.3 511.1C887.3 512.3 888.9 512.6 894.2 512.2C902.6 511.7 903.2 512.6 903.0 528.0C902.9 542.3 903.2 544.6 905.0 544.1C905.8 544.0 909.6 543.4 913.4 542.8C917.5 542.2 920.9 541.2 921.5 540.3C922.5 539.0 922.7 539.0 923.9 540.3C925.8 542.6 921.4 545.1 914.0 545.7C910.7 546.0 907.8 546.6 907.5 546.9C907.3 547.3 906.8 559.0 906.5 573.0C905.9 596.1 905.2 602.5 903.2 600.6C902.9 600.3 902.7 595.9 902.7 590.8C902.7 583.2 902.6 582.5 902.1 587.0C901.8 590.0 900.7 593.9 899.8 595.6C898.1 598.7 898.1 598.7 900.5 599.8C902.3 600.6 903.0 601.8 903.1 603.7C903.1 606.3 903.2 606.4 904.0 604.3C905.1 601.5 908.0 600.0 912.3 600.0C914.2 600.0 917.0 599.7 918.6 599.4L921.5 598.9L921.3 579.2C921.2 568.4 921.0 556.4 920.9 552.6C920.7 546.1 922.1 542.4 923.5 546.2C924.3 548.5 924.7 592.3 923.9 596.0C923.4 598.1 923.5 599.9 924.2 600.7C924.7 601.4 925.0 603.1 924.6 604.4C924.2 605.9 924.6 607.2 925.5 608.0C926.9 609.2 926.7 611.0 925.1 611.0C924.6 611.0 923.7 610.3 922.9 609.4Z
M1283.9 610.3C1283.6 607.1 1284.3 597.3 1285.0 596.0C1286.3 593.4 1287.3 575.7 1286.1 576.4C1285.5 576.8 1285.0 580.2 1285.0 584.2C1285.0 591.0 1282.7 601.4 1281.0 602.5C1279.4 603.5 1279.1 601.5 1280.2 597.4C1280.8 595.3 1281.6 589.5 1282.0 584.5C1283.1 572.4 1283.4 571.4 1285.6 571.8C1288.9 572.4 1291.1 577.1 1290.0 581.5C1289.6 583.1 1288.0 596.0 1287.2 603.4C1286.8 607.5 1286.0 610.5 1285.2 610.8C1284.6 611.0 1284.0 610.8 1283.9 610.3Z
M750.2 608.8C749.5 608.1 749.0 607.3 749.0 606.9C749.0 605.3 743.4 600.0 741.8 600.0C737.6 600.0 735.7 589.8 739.6 588.3C741.3 587.7 740.4 586.0 738.4 586.0C737.6 586.0 737.0 586.8 737.0 587.9C737.0 589.9 734.5 592.6 733.7 591.3C732.5 589.3 735.5 583.5 737.9 583.2C739.2 583.0 741.1 581.9 742.1 580.7C743.7 578.6 743.7 578.4 741.9 576.1C739.4 573.0 739.5 571.7 742.6 568.1C745.8 564.3 747.8 565.1 745.0 569.0C742.9 571.9 743.2 575.0 745.5 575.0C746.3 575.0 747.2 574.5 747.5 574.0C747.9 573.4 748.5 573.2 749.0 573.5C749.5 573.8 748.3 576.4 746.4 579.3C743.8 583.3 743.1 585.2 743.6 587.3C744.0 589.2 743.7 590.2 742.7 590.6C739.5 591.8 739.7 597.0 742.9 597.0C744.9 597.0 753.0 605.4 753.0 607.5C753.0 609.5 751.5 610.1 750.2 608.8Z
M820.0 609.0C813.1 608.1 807.7 605.3 808.3 602.9C809.2 599.3 801.8 600.3 798.1 604.2C795.7 606.8 794.7 607.3 793.4 606.5C791.2 605.1 791.1 603.5 793.1 603.5C794.0 603.5 795.6 602.4 796.7 601.2C800.1 596.9 813.2 597.3 811.6 601.6C810.8 603.8 812.0 603.3 814.2 600.5C815.4 599.0 817.2 598.0 818.7 598.0C820.2 598.0 822.3 596.9 823.7 595.4C826.3 592.6 829.6 593.4 827.2 596.3C826.4 597.2 826.4 598.0 827.1 598.7C827.7 599.3 828.0 601.0 827.8 602.6C827.5 605.1 827.1 605.5 824.5 605.3C821.8 605.0 821.7 605.1 823.8 606.0C828.6 608.0 826.4 609.8 820.0 609.0Z
M640.4 607.5C642.3 606.1 642.3 606.0 639.8 606.0C638.4 606.0 636.7 605.3 636.0 604.5C634.7 602.9 631.0 602.4 631.0 603.8C631.0 607.9 636.8 610.2 640.4 607.5Z
M819.7 605.3C818.6 604.3 821.0 602.0 823.1 602.0C824.2 602.0 825.0 601.6 825.0 601.1C825.0 599.6 817.6 601.1 816.2 602.8C814.4 605.2 814.7 606.0 817.7 606.0C819.1 606.0 820.0 605.7 819.7 605.3Z
M1030.7 600.3C1029.5 599.2 1029.9 598.2 1033.1 594.5C1036.0 591.3 1036.1 590.6 1035.5 586.1C1034.9 581.7 1035.1 581.0 1037.0 579.8C1042.2 576.6 1046.8 567.6 1049.1 556.3C1050.6 548.6 1051.9 544.5 1053.7 542.2C1056.9 537.9 1059.3 539.4 1056.1 543.7C1054.9 545.3 1053.2 550.8 1052.0 556.9C1050.8 562.6 1049.2 568.7 1048.3 570.4C1047.0 573.2 1047.0 573.3 1048.3 572.0C1049.9 570.5 1054.0 556.0 1054.0 552.1C1054.0 551.0 1055.1 548.9 1056.4 547.3C1058.5 544.8 1059.0 544.7 1061.4 545.8C1064.6 547.2 1064.0 549.0 1060.4 549.0C1059.0 549.0 1057.8 549.6 1057.6 550.2C1057.4 550.9 1056.3 555.8 1055.1 561.0C1053.7 567.2 1051.9 572.0 1050.0 574.9C1048.3 577.3 1047.0 580.5 1047.0 582.0C1047.0 583.4 1046.3 585.5 1045.5 586.6C1044.7 587.6 1044.0 589.3 1044.0 590.3C1044.0 593.7 1039.9 600.3 1038.7 599.1C1037.8 598.2 1037.9 597.2 1039.3 594.9C1040.2 593.2 1041.0 590.8 1041.0 589.5C1041.0 588.3 1041.7 586.7 1042.5 586.0C1044.5 584.3 1044.4 582.3 1042.2 581.8C1038.7 580.9 1037.9 581.9 1038.6 586.9C1039.2 591.6 1038.4 593.1 1031.6 600.8C1031.4 600.9 1031.0 600.7 1030.7 600.3Z
M599.5 599.0C599.8 598.5 601.2 598.0 602.5 598.0C604.3 598.0 605.1 597.3 605.6 595.5C606.8 590.8 612.8 589.4 615.4 593.2C616.9 595.2 617.0 595.3 618.8 593.7C619.8 592.8 621.2 592.0 621.8 592.0C624.1 592.0 623.0 590.4 619.9 589.3C617.0 588.2 616.8 587.9 617.5 584.2C618.3 579.3 616.5 576.0 613.2 576.0C611.3 576.0 610.9 576.4 611.5 577.8C613.4 582.2 610.4 589.6 606.3 590.6C603.2 591.3 595.8 597.9 596.6 599.2C597.3 600.3 598.7 600.2 599.5 599.0Z
M716.9 597.6C717.8 596.6 717.5 595.9 715.6 594.6C712.5 592.6 712.4 592.6 711.6 594.6C710.5 597.5 714.9 600.0 716.9 597.6Z
M810.8 598.4C810.4 598.1 810.4 597.1 810.7 596.3C811.2 595.0 810.9 595.0 809.3 595.9C806.7 597.2 803.7 594.4 804.0 590.8C804.5 584.6 803.9 558.9 803.2 559.3C802.8 559.6 802.4 565.9 802.2 573.4C801.8 589.0 800.9 596.6 799.5 596.2C798.9 596.1 798.6 591.4 798.8 584.2C799.7 555.1 799.9 553.8 802.6 556.1C803.4 556.7 804.0 556.9 804.0 556.5C804.0 556.1 804.7 556.3 805.5 557.0C806.7 558.0 807.0 561.1 807.0 573.0C807.0 586.9 807.1 587.8 809.0 588.3C811.4 588.9 811.6 587.8 809.5 586.0C808.3 585.0 808.0 581.8 808.0 568.9L808.0 553.1L802.9 552.8C793.4 552.2 794.2 546.2 804.0 544.6C811.4 543.4 811.4 543.4 811.4 564.7C811.4 583.1 811.4 583.2 811.7 567.6C811.9 558.8 812.5 551.1 813.1 550.4C814.5 548.6 824.8 547.6 826.5 549.0C828.5 550.7 827.3 552.3 824.6 551.6C823.5 551.3 820.8 551.3 818.8 551.7L815.0 552.3L815.1 560.4C815.3 567.7 815.3 568.0 815.9 563.4C816.7 557.2 818.4 554.8 821.9 555.2L824.5 555.5L824.5 569.8C824.5 582.5 824.7 584.3 826.3 585.1C828.5 586.4 827.5 588.3 825.0 587.5C823.8 587.1 823.1 587.6 822.7 589.0C821.5 593.5 815.5 593.2 814.7 588.7C814.5 587.5 814.4 588.6 814.4 591.2C814.5 595.7 812.3 600.0 810.8 598.4Z
M887.8 598.5C887.2 597.9 887.9 552.2 888.6 550.2C888.8 549.5 889.5 549.2 890.1 549.6C890.9 550.1 891.1 557.0 890.8 573.7C890.4 594.6 889.7 600.4 887.8 598.5Z
M1419.4 595.5C1419.0 594.6 1419.3 591.9 1420.0 589.5C1421.3 585.0 1420.2 577.4 1417.8 574.3C1417.2 573.6 1417.3 572.3 1418.1 570.9C1418.9 569.3 1419.0 565.8 1418.5 558.6C1418.1 553.0 1417.8 547.5 1417.8 546.4C1417.9 545.2 1417.3 543.7 1416.5 543.0C1413.7 540.6 1415.4 536.0 1419.0 536.0C1422.3 536.0 1426.0 542.8 1423.3 543.7C1422.6 544.0 1421.6 543.0 1421.0 541.6C1420.5 540.2 1419.6 539.0 1419.0 539.0C1417.6 539.0 1417.7 540.2 1419.4 542.5C1421.6 545.7 1423.0 569.3 1421.1 571.3C1420.7 571.7 1421.1 574.4 1422.1 577.3C1423.1 580.2 1423.9 583.3 1424.0 584.3C1424.0 585.3 1424.4 585.9 1424.9 585.5C1427.1 584.2 1426.7 586.9 1424.5 588.8C1423.1 590.0 1422.0 592.1 1422.0 593.4C1422.0 596.4 1420.2 597.8 1419.4 595.5Z
M908.5 592.8C907.5 590.3 908.5 548.0 909.5 547.7C910.1 547.6 910.6 555.4 910.8 569.2C910.9 581.2 911.4 591.0 911.8 591.0C915.2 590.9 915.5 589.2 915.7 568.9C915.7 555.8 916.2 548.4 916.9 547.7C917.5 547.1 918.0 546.8 918.1 547.1C919.7 556.0 918.7 588.7 916.7 591.4C915.0 593.6 909.2 594.6 908.5 592.8Z
M587.6 591.9C588.0 591.2 587.3 589.9 586.0 589.0C583.7 587.3 583.6 587.3 581.8 589.5C580.8 590.8 580.0 592.1 580.0 592.4C580.0 593.5 586.9 593.0 587.6 591.9Z
M1364.0 591.5C1363.3 590.7 1362.6 586.3 1362.5 581.8C1362.3 577.2 1362.0 572.4 1361.8 571.0C1361.4 567.5 1363.1 566.9 1364.3 570.3C1365.3 573.5 1370.6 579.1 1372.3 578.7C1374.1 578.4 1373.8 584.0 1371.9 585.4C1370.9 586.0 1370.0 587.9 1369.8 589.4C1369.5 592.7 1366.0 593.9 1364.0 591.5Z
M1369.4 583.4C1370.5 583.0 1370.3 582.3 1368.6 580.7L1366.5 578.5L1365.9 583.5C1365.2 589.5 1366.0 591.8 1367.2 587.2C1367.7 585.4 1368.7 583.7 1369.4 583.4Z
M820.5 587.2C821.7 584.1 822.4 558.0 821.3 558.0C819.4 558.0 818.9 561.2 818.3 575.2C817.7 588.3 818.5 592.3 820.5 587.2Z
M688.8 583.5C687.4 580.5 684.9 579.7 679.1 580.4C675.0 580.9 673.2 581.6 674.1 582.3C674.4 582.6 686.0 585.3 689.2 585.9C689.6 585.9 689.4 584.9 688.8 583.5Z
M1448.6 585.1C1448.2 584.6 1449.7 582.0 1451.7 579.3C1454.7 575.5 1455.4 573.6 1455.4 570.0C1455.5 566.3 1455.8 565.5 1457.2 565.6C1459.1 565.8 1459.7 562.6 1458.0 561.5C1456.3 560.5 1456.9 556.4 1459.0 554.5C1461.6 552.1 1464.4 554.1 1463.7 557.9C1461.9 567.0 1457.7 578.0 1455.9 578.0C1455.4 578.0 1454.1 579.8 1453.0 582.0C1451.0 585.9 1449.7 586.9 1448.6 585.1Z
M1374.0 574.0C1373.3 572.6 1372.8 558.7 1372.7 531.3L1372.5 490.6L1370.2 490.0C1366.7 489.2 1367.1 487.5 1370.8 487.2C1375.9 486.7 1376.0 488.0 1376.0 530.9C1375.9 552.2 1376.2 570.8 1376.5 572.2C1377.3 575.4 1375.5 576.8 1374.0 574.0Z
M1403.0 561.4C1402.5 554.9 1402.0 544.3 1402.0 538.1C1402.0 529.4 1401.7 526.9 1400.8 527.8C1400.1 528.5 1399.7 532.5 1399.8 538.7C1399.8 544.1 1399.5 550.3 1399.0 552.5C1398.1 556.9 1400.0 571.7 1401.3 570.4C1401.7 569.9 1402.3 570.6 1402.7 571.8C1403.9 576.4 1404.0 573.0 1403.0 561.4Z
M1428.1 570.2C1427.4 568.9 1427.5 566.9 1428.5 563.6C1429.5 560.3 1429.6 558.2 1429.0 556.4C1428.4 555.0 1427.9 550.3 1427.8 545.9C1427.7 538.2 1427.8 537.7 1430.7 534.8C1434.3 531.2 1435.9 532.5 1432.8 536.5C1430.5 539.5 1430.0 549.1 1431.9 555.7C1432.5 557.7 1432.4 560.5 1431.8 563.2C1431.2 565.6 1430.8 568.3 1430.8 569.2C1430.9 571.8 1429.3 572.3 1428.1 570.2Z
M650.9 569.3C652.0 567.2 649.9 562.5 647.0 561.0C644.6 559.7 644.6 560.0 646.7 566.1C648.6 571.4 649.4 572.0 650.9 569.3Z
M1263.7 568.2C1262.8 567.2 1261.3 563.0 1260.4 558.7C1258.6 550.5 1259.2 548.0 1263.1 548.0C1265.8 548.0 1266.5 550.1 1264.0 550.7C1262.4 551.1 1262.0 551.8 1262.3 553.4C1262.6 554.5 1263.4 558.1 1264.0 561.2C1265.2 567.5 1265.8 568.0 1268.5 565.0C1269.9 563.5 1270.1 562.1 1269.6 557.8C1269.3 554.9 1269.4 549.8 1270.0 546.5C1270.7 542.4 1270.6 539.5 1269.9 536.9C1269.1 534.2 1269.1 532.7 1269.9 531.1C1271.5 528.2 1273.1 529.4 1272.4 533.0C1271.9 535.2 1272.3 536.3 1274.4 538.1L1277.0 540.4L1274.8 542.7C1272.8 544.9 1272.6 546.1 1272.7 554.8C1272.8 563.9 1272.6 564.7 1270.2 567.2C1267.2 570.5 1265.9 570.7 1263.7 568.2Z
M567.5 568.1C567.1 567.4 567.5 566.1 568.3 565.2C569.2 564.3 570.0 561.7 570.2 559.5C570.4 557.0 571.0 555.6 571.7 555.7C574.2 556.2 578.0 554.0 578.0 552.2C578.0 549.2 586.6 541.5 590.0 541.5C590.8 541.5 592.5 539.9 593.8 538.0C595.5 535.6 596.8 534.6 598.3 534.8C601.1 535.1 605.1 539.6 604.3 541.6C604.0 542.4 604.5 543.9 605.5 545.0C606.4 546.0 607.0 547.7 606.8 548.7C606.4 551.0 599.1 554.5 597.7 553.1C597.0 552.4 597.9 551.5 600.4 550.4C604.4 548.4 604.7 547.8 602.4 545.9C600.8 544.6 600.3 544.8 592.0 549.0C591.2 549.4 590.6 550.7 590.8 551.9C591.0 553.4 590.2 554.5 588.0 555.8C586.2 556.7 583.2 558.7 581.3 560.2C579.3 561.8 576.9 563.0 575.9 563.0C574.9 563.0 572.8 564.4 571.2 566.1C569.2 568.3 568.0 568.9 567.5 568.1Z
M716.0 564.6C715.5 563.1 715.0 560.4 715.0 558.5C715.0 555.3 713.6 553.1 712.3 554.4C711.7 555.0 713.7 563.4 715.2 566.3C716.6 569.1 717.2 567.7 716.0 564.6Z
M1407.4 558.8C1407.0 554.2 1406.4 550.1 1405.9 549.6C1405.2 548.8 1405.7 563.1 1406.6 565.8C1407.6 569.2 1408.0 566.1 1407.4 558.8Z
M902.9 546.6C902.0 545.8 901.9 546.7 902.4 550.4C902.7 553.1 903.1 557.8 903.2 560.9C903.3 564.1 903.6 562.5 903.7 557.1C904.0 550.8 903.7 547.3 902.9 546.6Z
M1289.9 563.1C1288.6 562.1 1286.6 561.1 1285.5 560.9C1283.7 560.5 1283.5 559.7 1283.5 551.7C1283.5 541.8 1285.2 539.8 1286.1 548.7C1286.8 555.4 1287.2 554.3 1287.7 544.5C1288.3 531.2 1288.5 529.2 1289.2 528.5C1291.1 526.6 1292.4 533.1 1291.1 538.0C1290.4 540.8 1290.1 544.7 1290.5 546.9C1290.9 549.3 1290.7 551.8 1290.0 553.2C1289.0 555.1 1289.0 555.3 1290.1 554.3C1292.0 552.4 1295.0 555.5 1295.0 559.5C1295.0 564.1 1292.9 565.5 1289.9 563.1Z
M580.5 557.0C582.5 555.4 585.0 553.8 586.0 553.5C588.9 552.6 588.1 549.4 585.1 549.5C583.1 549.5 582.1 550.4 580.8 553.1C579.7 555.5 578.0 557.1 576.0 557.8C572.6 559.0 572.1 560.0 574.9 560.0C575.9 560.0 578.4 558.7 580.5 557.0Z
M658.8 553.4C656.1 552.0 655.5 550.6 656.0 546.6C656.3 543.8 652.4 540.2 649.5 540.8C648.1 541.0 647.0 541.8 647.0 542.5C647.0 544.3 641.4 547.0 637.7 547.0C636.0 547.0 633.2 547.5 631.4 548.2C628.9 549.1 627.5 549.1 625.7 548.3C623.8 547.4 622.8 547.5 621.1 548.7C615.9 552.3 613.5 547.3 618.1 542.5C621.9 538.6 623.5 538.2 626.1 540.6C627.8 542.2 628.0 542.1 629.0 539.5C629.6 538.0 630.9 536.6 631.9 536.3C633.0 536.0 633.6 535.2 633.4 534.5C632.5 532.3 634.8 531.9 636.3 534.0C638.1 536.6 644.0 535.1 646.4 531.5C649.5 526.8 653.2 528.6 654.5 535.5C654.8 537.6 656.0 540.6 657.1 542.1C658.1 543.6 659.0 545.9 659.0 547.3C659.0 548.7 659.9 550.4 661.2 551.3C664.5 553.5 662.4 555.3 658.8 553.4Z
M1358.5 551.0C1358.1 550.4 1358.0 548.5 1358.1 546.7C1358.3 545.0 1357.8 542.5 1357.2 541.2C1356.4 539.8 1356.1 536.4 1356.4 531.7C1357.7 510.6 1358.4 502.9 1359.2 502.4C1360.9 501.3 1361.7 506.7 1360.9 514.0C1358.4 537.4 1358.6 542.5 1361.9 539.6C1362.9 538.7 1364.0 538.3 1364.3 538.7C1364.7 539.0 1365.0 538.4 1365.0 537.3C1365.0 536.2 1364.3 534.7 1363.5 534.0C1361.6 532.5 1361.6 530.1 1363.5 527.6C1364.5 526.3 1364.8 524.0 1364.4 519.6C1363.8 512.5 1365.1 502.3 1366.5 503.0C1368.1 503.8 1367.8 525.0 1366.2 528.8C1364.9 531.7 1364.9 532.3 1366.4 533.9C1369.1 536.9 1368.6 546.5 1365.5 549.5C1363.0 552.1 1359.6 552.8 1358.5 551.0Z
M809.2 548.5C808.8 547.2 800.9 547.7 799.5 549.1C798.8 549.8 800.3 550.0 804.0 549.8C807.1 549.6 809.4 549.1 809.2 548.5Z
M1364.4 545.7C1365.0 544.2 1365.0 542.7 1364.6 542.3C1363.6 541.3 1361.0 544.9 1361.0 547.3C1361.0 549.9 1363.3 548.9 1364.4 545.7Z
M590.0 546.5C590.7 545.7 592.2 545.0 593.4 545.0C594.5 544.9 596.9 543.8 598.5 542.4C601.4 540.0 601.5 539.9 599.5 538.4C597.8 537.1 597.5 537.1 596.9 538.8C596.1 540.9 593.7 543.1 591.8 543.4C589.3 543.8 586.0 546.1 586.5 547.1C587.4 548.4 588.6 548.2 590.0 546.5Z
M1406.9 536.2C1407.0 534.2 1406.6 533.1 1406.0 533.5C1405.5 533.8 1405.1 537.4 1405.1 541.3C1405.2 548.2 1405.3 548.3 1406.1 544.0C1406.5 541.5 1406.9 538.0 1406.9 536.2Z
M896.8 544.4C901.4 543.5 901.6 541.4 897.1 541.8C890.2 542.4 887.0 543.1 887.0 544.0C887.0 545.1 892.2 545.3 896.8 544.4Z
M643.3 541.4C644.7 540.0 647.1 538.5 648.7 538.1C650.9 537.5 651.4 536.9 651.2 534.9C650.7 531.5 650.3 531.4 648.0 534.3C645.9 536.9 638.9 539.6 636.6 538.7C635.8 538.4 635.5 539.1 635.8 541.1C636.4 544.9 639.7 545.0 643.3 541.4Z
M905.2 540.8C904.4 540.0 904.0 535.3 904.0 525.8C904.0 509.7 904.0 509.7 914.3 510.2C922.3 510.6 922.0 512.3 913.8 513.0L907.5 513.5L907.2 525.9L906.9 538.2L913.2 537.5C917.9 537.0 919.9 536.3 921.2 534.7C922.7 532.7 922.9 532.6 923.6 534.3C924.7 537.4 921.5 539.7 915.1 540.3C911.9 540.7 908.7 541.2 907.9 541.5C907.1 541.8 905.9 541.5 905.2 540.8Z
M671.7 538.3C670.7 537.3 670.9 522.7 671.9 521.1C673.1 519.2 669.3 513.0 666.9 513.0C665.9 513.0 663.3 514.8 661.2 516.9C657.7 520.5 655.2 521.6 644.2 524.6C643.5 524.8 642.6 526.0 642.1 527.3C640.7 530.9 638.4 532.3 635.3 531.5C633.7 531.0 631.6 530.8 630.4 530.9C627.3 531.2 625.3 528.4 626.9 525.8C629.7 521.3 622.8 517.8 615.5 519.9C611.3 521.1 608.0 519.7 608.0 516.6C608.0 513.4 610.0 512.2 610.7 514.9C611.2 516.8 611.7 516.9 617.9 516.4L624.6 515.7L628.1 519.8C631.1 523.3 631.8 523.6 633.3 522.5C635.8 520.7 635.5 518.0 632.7 518.0C629.3 518.0 625.8 515.2 626.2 512.7C626.5 510.7 627.3 510.5 636.2 509.9C647.2 509.1 647.9 508.9 647.3 505.7C646.8 503.0 648.4 501.3 652.0 500.8C653.7 500.6 654.5 501.0 654.5 502.0C654.5 502.8 653.6 503.6 652.4 503.8C649.9 504.2 649.4 509.6 651.8 512.2C653.0 513.7 653.1 514.2 651.9 515.6C647.2 521.3 653.4 520.3 659.5 514.4C665.5 508.5 670.7 508.7 673.4 515.1C674.5 517.8 674.8 517.9 676.6 516.5C677.7 515.6 677.9 515.1 677.1 515.2C675.6 515.5 672.0 507.2 672.0 503.4C672.0 500.1 670.1 499.3 662.2 498.8C656.1 498.5 654.5 498.1 653.2 496.3C651.3 493.8 647.2 494.2 639.1 497.8C633.9 500.2 631.4 499.7 629.4 495.9C628.6 494.2 626.9 492.8 625.2 492.4C623.7 492.1 622.0 491.7 621.3 491.5C619.5 490.9 620.3 486.3 622.5 484.6C625.9 482.1 623.2 481.2 610.2 480.7C597.9 480.1 595.5 479.6 596.5 477.9C597.3 476.8 621.8 477.9 624.3 479.2C627.0 480.6 634.3 476.6 638.7 471.3C640.8 468.8 645.6 464.6 649.5 462.0C653.5 459.3 657.4 456.0 658.3 454.6C659.2 453.3 664.7 448.9 670.4 444.9C676.1 441.0 681.2 436.8 681.8 435.6C682.3 434.5 686.8 430.6 691.8 427.0C696.9 423.4 701.2 419.7 701.5 418.8C701.9 417.8 705.3 414.8 709.2 412.1C713.1 409.3 717.1 405.8 718.0 404.2C719.0 402.7 722.9 399.2 726.8 396.5C730.8 393.9 734.2 390.9 734.5 389.9C734.9 388.9 738.8 385.4 743.3 382.1C747.8 378.8 752.1 375.2 752.7 374.1C753.4 373.0 755.7 371.2 757.8 370.1C760.0 369.0 762.5 367.0 763.4 365.5C764.3 364.1 767.5 361.3 770.5 359.3C773.5 357.4 776.0 355.3 776.0 354.9C776.0 354.4 779.8 351.0 784.5 347.4C789.2 343.7 793.0 340.4 793.0 340.0C793.0 338.6 797.2 334.0 798.0 334.5C800.2 335.8 794.7 343.0 786.6 349.3C781.9 353.0 778.0 356.5 778.0 357.0C778.0 357.6 775.5 359.6 772.5 361.5C769.5 363.4 766.6 365.9 766.0 367.1C765.4 368.2 762.7 370.5 759.9 372.1C757.2 373.8 754.5 376.0 754.0 377.1C753.4 378.1 749.7 381.2 745.6 384.1C741.5 386.9 737.6 390.3 736.9 391.7C736.1 393.1 732.2 396.5 728.2 399.2C724.2 401.9 720.4 405.2 719.8 406.5C719.2 407.8 715.4 411.2 711.4 414.1C707.4 416.9 703.8 420.0 703.5 420.9C703.2 421.9 698.9 425.5 693.9 429.1C688.9 432.6 684.2 436.7 683.4 438.2C682.6 439.7 681.0 441.4 679.9 442.1C675.2 444.6 660.9 455.4 659.9 457.1C659.4 458.1 655.6 461.2 651.6 463.9C647.6 466.7 642.8 470.7 641.0 473.0C639.3 475.2 635.7 478.2 633.2 479.7C630.6 481.2 627.1 483.8 625.3 485.6L622.1 488.8L625.6 489.5C628.1 489.9 629.7 491.0 630.8 493.0C633.1 497.0 634.1 497.2 638.5 494.9C640.5 493.8 644.4 492.5 647.3 492.0C652.0 491.0 652.6 491.2 655.0 493.5C657.2 495.6 658.5 496.0 663.9 496.0C671.8 496.0 673.8 497.1 674.5 501.8C674.9 503.8 675.5 506.6 676.0 508.0C676.4 509.4 677.1 511.3 677.4 512.4C678.0 514.2 678.1 514.2 679.9 512.6C681.5 511.2 682.3 511.1 683.9 512.0C686.4 513.3 685.6 515.4 682.9 514.7C680.9 514.2 680.2 516.4 681.9 517.4C682.4 517.7 682.6 518.9 682.3 519.9C682.0 520.9 682.3 522.7 682.9 523.9C686.4 530.3 676.4 543.1 671.7 538.3Z
M678.5 533.4C680.3 530.7 680.6 526.6 679.5 521.2L678.8 517.9L676.4 520.1C674.3 522.0 674.0 523.3 674.0 529.2C674.0 536.7 675.4 538.1 678.5 533.4Z
M639.0 528.0C639.0 527.5 638.7 526.9 638.2 526.9C636.2 526.5 633.3 526.1 631.6 525.8C630.6 525.6 629.5 526.1 629.3 526.8C628.9 527.7 629.5 527.9 631.3 527.5C632.7 527.1 634.1 527.3 634.4 527.9C635.3 529.3 639.0 529.3 639.0 528.0Z
M714.4 525.8C713.7 524.7 717.4 523.1 721.1 523.1C726.4 523.0 732.8 522.3 733.9 521.6C734.5 521.2 735.9 521.4 737.0 522.0C738.6 522.8 739.4 522.6 741.0 521.0C743.2 518.8 752.3 518.1 753.5 520.1C753.9 520.7 754.9 520.8 755.9 520.4C756.8 520.0 759.5 519.4 762.0 518.9C764.5 518.5 768.7 517.7 771.3 517.1C774.7 516.3 776.8 516.3 778.2 517.1C779.3 517.7 780.8 517.9 781.7 517.6C783.9 516.7 785.3 517.9 783.9 519.6C782.6 521.2 778.9 521.5 777.4 520.1C776.9 519.5 774.8 519.5 772.0 520.1C764.1 521.9 756.5 523.2 755.0 523.1C754.2 523.0 751.4 522.7 748.7 522.4C744.6 521.9 743.8 522.1 742.1 524.1C740.4 526.2 739.8 526.4 737.1 525.4C735.5 524.7 733.8 524.5 733.5 524.8C733.1 525.2 731.4 525.6 729.7 525.7C719.7 526.5 714.8 526.5 714.4 525.8Z
M599.5 525.0C599.2 524.5 599.8 523.2 601.0 522.0L603.0 520.0L600.1 520.0C598.4 520.0 596.8 520.5 596.5 521.0C596.2 521.5 594.8 522.0 593.4 522.0C592.0 522.0 589.9 522.6 588.7 523.4C587.2 524.4 585.8 524.5 584.2 523.9C581.1 522.7 581.9 520.4 585.3 520.8C588.0 521.1 589.2 518.8 587.0 517.5C586.5 517.2 586.0 515.6 586.0 514.1C586.0 510.8 588.5 508.1 590.1 509.7C590.9 510.5 590.8 511.0 590.1 511.4C588.5 512.4 588.8 516.6 590.6 518.1C591.8 519.1 592.8 519.1 595.4 518.2C601.7 515.9 607.2 517.3 606.3 521.0C605.7 523.2 600.3 526.3 599.5 525.0Z
M1274.4 522.5C1274.0 521.6 1274.0 516.6 1274.4 511.5C1274.8 506.1 1274.6 501.9 1274.1 501.6C1272.1 500.3 1255.0 502.2 1256.1 503.6C1258.2 506.1 1255.9 507.3 1253.4 504.9C1250.8 502.4 1250.3 503.0 1249.8 509.0C1249.4 513.9 1247.6 512.9 1247.2 507.7C1246.9 503.3 1248.2 501.1 1251.2 500.6C1251.9 500.5 1253.0 500.2 1253.5 499.8C1254.0 499.5 1259.3 498.9 1265.2 498.5C1278.4 497.6 1278.3 497.4 1277.3 512.5C1276.7 522.6 1275.7 526.0 1274.4 522.5Z
M1417.5 517.9C1418.4 516.3 1419.5 515.2 1419.9 515.4C1421.2 516.2 1422.1 502.8 1421.0 499.0C1420.4 497.1 1420.0 493.7 1420.0 491.6C1420.0 486.0 1418.8 487.9 1418.4 494.2C1418.2 497.1 1417.7 503.1 1417.4 507.5C1417.0 513.6 1416.4 516.0 1414.8 517.7C1413.7 518.9 1413.1 520.3 1413.5 520.9C1414.4 522.4 1415.7 521.4 1417.5 517.9Z
M649.0 520.1C649.0 518.8 647.0 518.3 644.3 518.8C640.7 519.5 641.6 521.0 645.5 521.0C647.4 521.0 649.0 520.6 649.0 520.1Z
M1407.7 511.5C1409.0 509.1 1408.6 498.0 1407.1 495.1C1406.5 494.0 1405.6 491.4 1405.2 489.3C1404.7 487.0 1404.5 492.0 1404.7 502.5C1405.0 522.4 1405.0 522.7 1405.9 517.5C1406.3 515.3 1407.1 512.6 1407.7 511.5Z
M640.2 515.5C640.7 513.1 640.6 513.0 634.8 513.0C631.1 513.0 629.1 513.4 629.5 514.0C629.8 514.5 631.4 515.0 633.1 515.0C634.9 515.0 636.4 515.7 637.2 516.9C638.7 519.3 639.6 518.9 640.2 515.5Z
M591.7 517.3C591.3 517.0 592.0 515.6 593.2 514.3C595.3 512.1 595.4 511.0 595.5 497.7C595.5 489.3 595.9 483.3 596.5 483.0C597.1 482.7 597.6 484.6 597.8 487.7C598.0 491.0 598.7 493.3 599.7 494.2C601.2 495.3 601.3 495.3 600.5 493.5C598.6 489.0 599.4 486.7 603.5 484.4C605.6 483.1 607.8 482.4 608.3 482.7C609.4 483.4 606.1 487.0 604.3 487.0C602.4 487.0 601.6 489.8 603.0 491.5C603.8 492.4 604.0 494.3 603.6 496.5C603.0 499.4 603.2 499.9 604.4 499.4C606.4 498.6 607.7 501.7 606.1 503.3C604.5 504.9 604.7 506.0 606.8 506.0C607.9 506.0 609.5 506.9 610.5 508.0C611.8 509.5 613.6 510.0 617.2 510.0C622.2 510.0 623.1 509.2 620.5 507.0C618.8 505.6 618.5 501.7 620.0 498.9C621.2 496.7 625.6 496.3 627.9 498.4C630.3 500.4 635.8 502.1 636.5 500.9C637.5 499.4 639.1 501.0 638.5 503.0C638.1 504.1 638.6 505.0 639.6 505.4C642.8 506.6 639.3 508.3 633.8 508.2C629.8 508.1 628.1 507.6 626.8 506.1C625.9 504.9 624.4 504.0 623.4 504.0C621.9 504.0 621.8 504.2 623.2 505.8C627.4 510.7 625.5 513.0 617.2 513.0C614.0 513.0 611.5 512.4 609.9 511.2C608.6 510.2 606.7 509.1 605.8 508.7C603.1 507.7 599.9 501.9 600.3 498.9C600.5 497.0 600.2 496.4 599.3 496.7C598.3 497.1 598.1 499.1 598.4 504.7C598.7 511.4 598.5 512.4 596.3 515.1C593.8 518.1 592.8 518.5 591.7 517.3Z
M648.8 514.5C649.9 513.5 647.5 512.0 644.9 512.0C641.7 512.0 641.7 512.1 642.6 514.5C643.2 516.0 647.4 516.0 648.8 514.5Z
M679.6 510.3C679.3 509.9 679.0 508.8 679.0 507.8C679.0 506.7 678.6 506.1 678.1 506.5C675.8 507.9 676.3 505.1 678.8 502.8C681.2 500.5 682.6 500.2 692.2 499.6C698.1 499.2 704.4 498.4 706.2 497.9C708.4 497.3 710.4 497.3 712.2 498.1C714.5 499.0 715.3 498.9 717.4 497.3C719.8 495.4 723.6 495.1 727.8 496.4C729.1 496.8 730.9 496.5 732.4 495.5C733.8 494.6 735.5 494.0 736.2 494.3C736.9 494.5 739.6 493.9 742.3 492.9C748.7 490.4 757.5 489.4 759.4 490.9C760.5 491.8 762.2 491.8 766.8 490.5C770.1 489.7 774.0 489.0 775.4 489.0C776.9 489.0 779.4 488.0 781.1 486.8C783.7 484.9 785.4 484.6 794.8 484.4C800.7 484.3 806.8 483.9 808.3 483.5C810.3 483.0 811.6 483.2 813.0 484.5C815.2 486.5 814.6 488.8 812.5 487.0C811.7 486.3 810.1 486.1 808.8 486.6C807.5 487.0 801.5 487.4 795.3 487.4C785.2 487.6 783.8 487.8 781.7 489.8C780.3 491.1 778.1 492.0 776.1 492.0C774.4 492.0 770.0 492.7 766.5 493.6C761.3 494.9 759.7 495.0 758.5 494.0C756.6 492.5 748.1 493.5 742.2 496.1C739.9 497.1 737.3 497.7 736.4 497.3C735.6 497.0 734.3 497.5 733.6 498.5C732.5 500.0 731.6 500.1 726.2 499.3C720.8 498.4 720.0 498.5 720.2 499.9C720.5 501.2 719.6 501.5 716.0 501.3C713.5 501.1 710.6 501.0 709.5 500.9C702.7 500.7 682.0 503.5 682.0 504.7C682.0 505.4 682.6 505.9 683.2 505.8C685.4 505.3 684.6 509.2 682.3 510.1C681.2 510.5 679.9 510.6 679.6 510.3Z
M1279.6 509.1C1279.3 508.6 1279.3 506.1 1279.7 503.5C1280.5 497.2 1284.4 495.4 1297.8 495.1C1300.0 495.0 1301.1 493.0 1298.9 493.0C1298.2 493.0 1296.8 492.1 1295.6 491.0C1294.4 489.9 1292.2 487.9 1290.7 486.5C1286.4 482.6 1288.5 481.7 1293.6 485.3C1296.1 487.1 1299.3 489.1 1300.6 489.8C1306.2 492.8 1302.9 498.0 1295.4 498.1C1286.1 498.2 1283.3 499.6 1282.5 504.6C1281.9 508.9 1280.6 510.8 1279.6 509.1Z
M1346.0 503.9C1346.0 502.3 1345.5 501.0 1345.0 501.0C1344.5 501.0 1344.0 502.6 1344.0 504.6C1344.0 506.7 1344.4 507.9 1345.0 507.5C1345.5 507.2 1346.0 505.6 1346.0 503.9Z
M1050.6 495.9C1051.1 488.3 1050.6 489.0 1048.7 498.3C1047.5 504.2 1047.5 504.9 1048.7 503.7C1049.6 502.9 1050.3 499.6 1050.6 495.9Z
M1201.5 502.0C1200.3 500.1 1205.0 499.4 1232.0 497.3C1257.7 495.3 1266.0 495.1 1266.0 496.5C1266.0 497.7 1259.0 498.4 1233.5 500.0C1223.0 500.6 1213.1 501.5 1211.4 502.1C1207.4 503.3 1202.3 503.3 1201.5 502.0Z
M1109.4 500.7C1108.3 497.7 1110.0 496.7 1115.2 497.3C1120.4 498.0 1122.9 497.0 1135.8 489.3C1140.0 486.9 1140.0 486.7 1138.1 485.4C1134.8 483.0 1130.1 482.5 1129.5 484.4C1129.2 485.3 1128.8 486.7 1128.5 487.5C1128.1 488.8 1127.7 488.8 1126.1 487.8C1124.4 486.8 1123.6 486.9 1121.1 488.7C1118.7 490.6 1118.0 490.7 1117.0 489.6C1116.2 488.5 1116.4 487.8 1118.2 486.6L1120.4 485.0L1118.3 485.0C1117.1 485.0 1115.8 485.4 1115.5 486.0C1114.7 487.3 1110.3 487.3 1109.5 486.0C1108.8 484.8 1115.4 482.0 1119.1 482.0C1120.6 482.0 1122.2 482.4 1122.5 483.0C1122.8 483.6 1124.0 484.0 1125.1 484.0C1126.2 484.0 1126.9 483.6 1126.5 483.0C1126.2 482.5 1127.8 481.2 1130.0 480.1C1133.4 478.4 1134.2 478.4 1134.7 479.6C1135.0 480.4 1135.7 481.0 1136.2 481.0C1137.9 481.0 1143.0 485.1 1143.0 486.5C1143.0 490.3 1121.7 501.5 1116.3 500.5C1114.2 500.1 1112.3 500.3 1111.4 501.1C1110.3 502.0 1109.9 501.9 1109.4 500.7Z
M675.8 497.5C675.6 497.2 675.6 494.9 676.0 492.2C676.5 489.6 676.6 487.2 676.4 486.8C675.6 485.6 679.3 484.3 685.5 483.7C691.2 483.1 691.7 483.3 694.5 486.0L697.6 489.0L706.5 488.2L715.3 487.5L716.4 483.0C717.3 479.6 718.1 478.4 720.0 477.9C725.1 476.5 729.7 477.0 732.6 479.2C734.9 481.1 737.0 481.6 743.7 481.9L752.0 482.2L752.0 479.4C752.0 474.8 755.3 470.3 759.2 469.7C765.1 468.7 770.9 469.6 774.4 472.1C779.1 475.4 793.3 474.9 793.8 471.4C794.1 469.3 794.1 469.3 785.5 470.6C780.7 471.4 776.4 471.8 775.9 471.4C773.9 470.2 776.3 469.1 783.3 468.0C794.5 466.2 797.8 464.9 789.6 465.6C785.8 465.9 780.2 466.9 777.3 467.9C774.1 469.0 771.7 469.3 771.4 468.8C769.0 464.9 784.5 462.1 810.8 461.6C816.2 461.5 817.4 461.8 819.0 463.7C820.5 465.6 821.9 466.0 828.6 466.2L836.5 466.5L836.8 463.8C837.2 460.4 834.8 460.1 826.0 462.4C820.1 463.9 818.2 463.6 820.0 461.5C821.3 460.0 833.3 457.6 837.0 458.1C840.3 458.6 841.1 465.1 838.3 468.2C835.5 471.3 820.6 470.0 817.1 466.3C814.9 464.0 814.3 463.8 809.1 464.5C806.0 464.8 802.1 465.2 800.4 465.3C797.6 465.5 797.3 465.8 797.1 469.5C796.8 475.7 794.9 476.9 784.8 477.1C777.1 477.2 775.9 477.0 772.8 474.8C770.1 472.7 768.4 472.3 763.7 472.4C757.2 472.6 756.4 473.3 755.4 479.3C754.6 484.1 752.8 485.0 743.7 485.0C737.4 485.0 735.7 484.6 732.6 482.5C726.7 478.5 719.0 479.6 719.0 484.4C719.0 489.3 716.3 490.7 706.3 491.4C697.2 492.0 697.0 491.9 693.8 489.1C690.8 486.5 690.0 486.3 685.2 486.7C679.6 487.3 679.4 487.5 678.8 494.4C678.5 497.2 677.0 498.7 675.8 497.5Z
M630.3 489.7C629.3 488.0 631.5 487.1 642.0 485.1C647.8 483.9 655.9 482.3 660.0 481.4C664.1 480.6 674.2 478.6 682.5 477.0C690.8 475.3 700.4 473.3 704.0 472.4C707.6 471.6 713.2 470.5 716.5 470.0C724.3 468.9 731.0 467.6 739.0 465.7C742.6 464.8 748.2 463.6 751.4 463.1C757.6 462.0 763.2 458.1 762.9 455.0C762.6 452.2 763.0 451.7 764.5 453.0C766.7 454.8 766.4 456.5 763.0 460.4C759.5 464.3 753.8 466.5 744.6 467.4C741.4 467.8 737.9 468.5 736.8 469.1C734.9 470.1 730.6 471.0 717.0 473.0C714.0 473.5 708.6 474.5 705.0 475.3C701.4 476.1 696.2 477.3 693.5 477.9C690.8 478.5 679.0 480.8 667.5 483.1C656.0 485.3 643.0 487.9 638.7 488.9C634.2 489.9 630.7 490.3 630.3 489.7Z
M1417.0 487.0C1418.0 485.1 1417.8 485.0 1412.5 485.0C1409.4 485.0 1407.1 485.4 1407.4 485.9C1407.7 486.4 1408.8 486.6 1409.8 486.4C1410.7 486.1 1412.4 486.6 1413.5 487.4C1416.0 489.3 1415.7 489.4 1417.0 487.0Z
M1159.1 482.9C1156.8 482.0 1156.7 481.8 1158.3 480.3C1159.6 479.0 1160.2 478.9 1161.2 479.8C1162.9 481.5 1163.8 481.3 1163.6 479.3C1163.5 477.2 1169.3 474.0 1173.3 474.0C1176.8 474.0 1180.8 476.0 1183.8 479.3C1186.0 481.6 1185.4 484.0 1183.1 482.5C1182.6 482.2 1181.9 482.4 1181.5 483.0C1180.7 484.3 1162.3 484.2 1159.1 482.9Z
M1180.0 480.1C1180.0 476.9 1168.6 476.4 1166.0 479.5C1164.9 480.8 1165.8 481.0 1172.4 481.0C1176.6 481.0 1180.0 480.6 1180.0 480.1Z
M1366.0 478.5C1362.8 474.7 1369.7 471.5 1378.6 472.7C1381.0 473.0 1385.0 472.7 1387.5 472.1C1393.0 470.7 1396.3 472.0 1395.8 475.3C1395.6 477.1 1394.4 477.7 1388.7 478.9L1381.9 480.3L1379.4 477.7C1377.8 475.9 1376.0 475.0 1374.2 475.1C1372.2 475.2 1372.0 475.3 1373.5 475.7C1377.5 476.6 1378.3 477.1 1377.4 478.0C1375.8 479.6 1367.2 480.0 1366.0 478.5Z
M650.0 477.5C649.4 476.7 649.1 475.6 649.5 475.0C650.3 473.7 646.7 473.7 645.3 475.1C644.5 475.9 644.0 475.8 643.5 474.9C642.2 473.0 646.1 470.8 649.8 471.4C653.1 471.9 653.8 471.2 651.9 469.3C650.4 467.8 652.4 466.7 657.3 466.2C659.3 466.1 662.9 465.2 665.2 464.4C667.4 463.7 671.3 463.0 673.9 463.0C676.6 463.0 680.2 462.2 682.5 461.0C684.7 459.9 687.3 459.3 688.5 459.6C691.7 460.4 701.4 456.1 700.0 454.5C698.0 452.1 701.2 450.8 703.6 453.1L705.9 455.2L708.3 452.5C709.8 450.8 711.1 450.0 711.9 450.4C712.8 451.0 712.7 451.7 711.4 453.1C710.5 454.1 710.2 455.0 710.8 455.0C711.4 455.0 712.1 454.6 712.5 454.0C713.5 452.3 720.1 451.0 722.1 452.1C726.4 454.4 724.2 457.8 717.0 460.0C710.9 461.8 710.5 461.8 710.8 459.8C711.2 457.1 705.0 457.5 697.2 460.6C693.6 462.0 689.9 462.9 688.8 462.7C687.0 462.2 686.9 462.3 688.4 463.9C689.3 464.9 690.0 466.2 690.0 466.8C690.0 468.0 683.9 473.0 682.3 473.0C681.8 473.0 680.5 473.9 679.5 475.0C678.2 476.4 677.3 476.7 676.6 476.0C675.5 474.9 679.5 470.0 681.6 470.0C682.2 470.0 683.6 469.2 684.7 468.2C685.7 467.3 686.1 466.8 685.6 467.2C684.1 468.4 680.2 468.2 679.5 466.9C679.0 466.1 670.2 466.1 666.1 466.9C665.9 467.0 666.0 467.6 666.3 468.4C666.6 469.2 666.6 470.1 666.2 470.5C665.8 470.9 665.5 471.6 665.5 472.1C665.5 472.7 664.4 473.7 663.0 474.4C661.6 475.1 659.1 476.5 657.3 477.4C653.5 479.4 651.6 479.4 650.0 477.5Z
M1464.8 467.3C1463.3 465.9 1462.3 465.8 1457.5 466.7C1454.4 467.2 1451.7 467.3 1451.5 467.0C1449.8 464.2 1462.1 461.9 1464.9 464.4C1466.5 465.9 1466.8 465.9 1468.0 464.5C1468.7 463.7 1470.7 463.0 1472.6 463.0C1474.4 463.0 1477.1 462.5 1478.7 461.9C1480.2 461.3 1485.4 460.6 1490.2 460.4C1495.0 460.2 1499.9 459.6 1501.0 459.0C1502.1 458.4 1505.6 458.0 1508.8 458.1C1511.9 458.2 1515.8 457.7 1517.3 457.1C1521.6 455.4 1533.5 455.7 1535.0 457.5C1536.4 459.2 1536.7 459.2 1527.3 459.0C1523.1 458.9 1519.1 459.4 1517.8 460.1C1516.5 460.9 1512.9 461.3 1509.3 461.1C1505.9 461.0 1502.2 461.4 1501.0 462.0C1499.8 462.6 1494.9 463.3 1490.1 463.5C1485.2 463.7 1480.3 464.3 1479.2 464.9C1478.0 465.5 1475.6 466.0 1473.7 466.0C1471.8 466.0 1469.7 466.7 1469.0 467.5C1467.4 469.4 1466.8 469.4 1464.8 467.3Z
M913.4 465.8C913.1 465.4 913.1 464.6 913.4 464.1C913.9 463.4 930.8 461.6 935.5 461.8C936.6 461.9 941.9 462.0 947.3 462.2C952.8 462.4 957.0 462.9 957.0 463.5C957.1 465.1 950.0 466.0 943.0 465.3C936.3 464.6 935.0 464.6 921.7 465.9C917.4 466.3 913.7 466.2 913.4 465.8Z
M721.5 465.0C721.0 464.2 724.9 461.3 734.1 455.7C736.0 454.6 736.7 453.4 736.6 451.3C736.5 448.6 736.7 448.4 746.0 446.3C751.2 445.0 757.6 443.4 760.1 442.5C762.7 441.7 765.6 441.0 766.6 441.0C768.3 441.0 773.1 439.7 777.9 437.8C779.4 437.2 780.7 437.3 781.6 438.1C782.7 439.0 783.2 438.7 783.9 436.9C784.4 435.6 786.2 433.6 787.8 432.6C790.8 430.6 791.9 426.0 789.3 426.0C788.6 426.0 787.6 425.2 787.1 424.2C786.1 422.6 786.1 422.6 786.0 424.3C786.0 425.4 784.7 426.7 782.8 427.5C781.0 428.2 778.2 429.8 776.7 431.1C774.6 432.7 772.3 433.3 768.2 433.5C764.5 433.6 760.9 434.4 758.1 435.9C752.5 438.8 750.0 437.2 755.1 434.0C757.0 432.8 757.6 432.1 756.5 432.4C755.4 432.7 752.2 433.2 749.5 433.6C746.8 433.9 744.0 434.6 743.5 435.0C743.0 435.4 741.2 436.0 739.5 436.4C736.9 437.1 736.8 437.3 738.3 438.1C740.7 439.5 739.5 441.0 735.9 441.0C732.6 441.0 729.6 442.4 720.8 447.7C716.8 450.2 714.5 451.0 713.3 450.5C709.3 448.8 698.9 448.8 696.2 450.6C694.8 451.5 691.6 452.4 689.1 452.5C686.6 452.7 681.6 454.1 678.0 455.7C672.2 458.4 668.2 458.9 662.1 458.1C661.9 458.0 662.4 457.3 663.1 456.4C664.0 455.3 665.4 455.0 667.7 455.3C670.1 455.7 672.6 455.1 676.8 453.1C679.9 451.5 684.1 450.0 686.0 449.6C688.5 449.1 690.3 447.9 692.2 445.1C695.3 440.8 702.2 436.6 703.7 438.1C704.3 438.7 705.1 438.6 705.9 437.6C706.6 436.8 706.7 435.9 706.2 435.6C704.9 434.8 692.0 441.1 692.0 442.6C692.0 444.3 690.0 445.5 689.0 444.4C687.5 442.7 690.0 438.9 693.5 437.4C697.6 435.7 698.0 435.1 694.6 435.7C691.8 436.3 690.1 434.2 692.7 433.4C693.7 433.1 695.6 432.3 696.9 431.7C698.8 430.8 699.4 430.9 700.4 432.1C701.2 433.3 702.1 433.5 703.9 432.8C705.6 432.2 706.8 432.4 708.0 433.5C709.5 434.9 710.0 434.8 712.6 432.8C714.2 431.6 715.7 430.5 715.9 430.3C716.1 430.1 716.1 429.7 715.8 429.4C715.5 429.1 714.3 429.9 713.1 431.1C711.5 432.8 710.7 433.1 709.8 432.2C708.2 430.6 710.0 428.7 715.2 426.5C724.2 422.8 727.8 420.6 727.3 419.3C726.6 417.4 725.6 417.6 719.4 421.0C715.3 423.2 713.3 423.7 712.1 423.0C711.1 422.5 709.4 422.3 708.3 422.6C705.4 423.4 704.5 421.3 707.1 419.9C708.7 419.1 709.9 419.1 711.6 419.9C712.9 420.4 714.2 420.5 714.5 420.1C714.7 419.6 714.0 419.0 712.9 418.7C710.7 418.1 710.8 415.3 712.9 415.8C713.6 415.9 716.9 414.6 720.2 412.8C726.1 409.7 726.3 409.6 727.7 411.5C728.5 412.6 728.9 414.3 728.6 415.3C728.2 416.8 728.6 417.1 730.4 416.6C733.3 415.9 734.3 416.9 732.7 418.8C732.0 419.7 733.3 419.3 735.7 417.9C738.1 416.6 740.0 414.7 740.0 413.8C740.0 411.8 745.6 407.6 747.0 408.5C747.8 409.0 747.7 409.6 746.9 410.7C745.9 411.8 746.5 411.7 749.2 410.3C752.3 408.7 752.5 408.4 751.1 407.3C750.1 406.7 748.5 406.2 747.5 406.3C745.1 406.5 743.4 400.2 745.6 399.3C748.1 398.3 750.4 399.8 749.0 401.5C748.0 402.7 748.0 403.0 749.0 403.0C749.7 403.0 750.9 402.2 751.6 401.2C752.8 399.6 753.0 399.6 755.3 401.8C757.6 403.9 758.0 404.0 762.5 402.9C767.6 401.6 766.8 399.7 761.3 400.2C757.6 400.6 757.3 398.8 760.8 397.5C762.3 396.9 765.2 395.2 767.2 393.6C769.2 392.0 772.3 390.2 774.1 389.6C776.4 388.8 777.6 387.7 778.0 386.0C778.4 384.5 780.1 382.7 782.4 381.3C787.6 378.5 788.9 373.0 783.9 375.6C781.5 376.8 780.5 376.9 779.4 375.9C776.8 373.8 777.8 371.1 781.9 369.0C784.1 367.9 786.2 366.5 786.5 365.9C787.0 365.2 787.8 365.4 789.1 366.6C791.2 368.5 790.8 370.0 788.0 370.0C785.6 370.0 781.0 372.1 781.0 373.1C781.0 373.6 782.2 373.3 783.8 372.6C785.3 371.8 789.2 370.6 792.5 369.7C795.8 368.9 803.0 366.6 808.5 364.5C814.0 362.4 819.7 360.7 821.3 360.7C823.5 360.7 823.8 360.4 822.9 359.4C820.7 356.7 828.5 351.4 834.0 351.9C835.4 352.0 840.2 350.3 844.7 348.0C849.2 345.8 853.5 344.0 854.2 344.0C855.9 344.0 862.8 341.6 863.6 340.7C866.1 338.2 872.4 345.0 870.4 348.1C870.1 348.6 870.8 349.0 872.0 349.0C873.2 349.0 874.4 348.1 875.0 346.6C876.2 343.2 877.7 342.6 880.3 344.3C882.3 345.6 883.3 345.5 890.5 342.8C894.9 341.2 901.0 339.1 904.0 338.3C908.9 336.9 909.8 336.2 911.2 332.8C912.1 330.7 912.7 329.0 912.5 329.0C912.3 329.0 909.8 330.2 906.8 331.8C896.9 336.8 884.8 340.6 882.1 339.4C881.2 339.0 878.5 338.6 876.0 338.6C872.7 338.5 871.5 338.1 871.5 337.0C871.5 336.0 872.3 335.6 873.8 335.8C875.0 336.0 876.0 335.8 875.9 335.3C875.4 333.3 877.7 330.5 881.8 327.9C886.5 325.0 886.6 323.9 882.0 326.5C880.6 327.3 878.5 327.9 877.4 328.0C876.2 328.0 874.2 328.8 872.9 329.9C871.6 330.9 869.4 332.0 868.0 332.4C864.2 333.5 854.6 337.3 853.4 338.2C852.7 338.7 851.8 338.4 851.1 337.6C850.3 336.6 850.2 336.0 851.0 335.5C851.6 335.1 851.9 334.2 851.8 333.3C851.6 332.5 852.4 331.3 853.5 330.6C854.6 330.0 857.2 328.0 859.2 326.3C861.3 324.5 864.1 322.8 865.5 322.4C866.9 322.1 867.7 321.4 867.4 320.9C866.3 319.0 869.1 315.9 871.8 316.1C874.3 316.4 882.2 312.6 886.2 309.2C887.2 308.4 888.7 308.1 890.0 308.5C891.3 308.9 893.1 308.5 894.5 307.6C895.8 306.7 897.6 306.0 898.5 306.0C899.3 306.0 900.8 305.1 901.7 304.0C904.1 301.2 906.9 301.5 908.1 304.7C909.2 307.6 906.0 311.3 901.2 312.6C899.9 313.0 899.0 314.0 899.0 315.1C899.0 318.0 900.1 317.4 905.5 312.0C908.9 308.5 910.7 307.3 911.5 308.1C912.2 308.8 911.1 310.5 907.8 313.6C905.2 316.1 903.1 318.6 903.3 319.3C903.4 320.0 902.6 320.4 901.2 320.3C899.8 320.1 899.0 320.6 899.0 321.5C899.0 322.4 897.0 323.9 894.2 325.1C886.3 328.4 881.0 331.4 878.8 333.8C876.2 336.4 877.8 336.7 881.1 334.2C884.4 331.8 888.6 330.0 891.3 330.0C894.9 330.0 902.1 327.1 905.2 324.4C907.4 322.6 909.3 322.0 913.0 322.0C915.9 322.0 918.2 321.4 919.0 320.5C919.6 319.8 922.2 318.8 924.6 318.4C927.0 318.1 929.3 317.4 929.6 316.9C929.9 316.4 931.4 316.0 933.0 316.0C934.6 316.0 937.9 314.9 940.4 313.5C942.9 312.1 945.8 311.0 946.8 311.0C947.9 311.0 949.3 310.3 950.0 309.5C950.7 308.7 952.4 308.0 953.9 308.0C955.3 308.0 958.3 307.1 960.5 306.0C962.7 304.9 963.5 304.3 962.3 304.5C958.0 305.6 959.1 303.1 964.2 300.1C970.8 296.2 976.6 291.3 975.7 290.3C975.3 290.0 974.4 290.2 973.8 290.8C973.1 291.5 971.7 292.0 970.5 292.0C969.4 292.0 967.6 292.7 966.6 293.5C965.5 294.3 963.6 295.0 962.4 295.0C961.1 295.0 959.9 295.4 959.5 295.9C959.2 296.4 957.5 297.2 955.7 297.5C954.0 297.9 950.7 298.9 948.6 299.8C945.0 301.2 944.9 301.4 946.8 302.1C949.8 303.2 948.0 307.2 943.3 310.2C938.1 313.3 936.7 311.0 941.6 307.6C946.1 304.5 945.5 304.1 940.8 307.0C936.9 309.4 933.2 309.6 932.4 307.5C931.4 305.1 930.2 305.8 930.7 308.4C931.5 312.3 922.5 317.3 920.5 314.0C920.1 313.4 918.6 313.1 917.2 313.2C910.4 313.9 916.0 303.8 925.0 299.0C926.9 297.9 927.8 297.1 926.9 297.0C926.0 297.0 923.2 298.1 920.6 299.5C918.0 300.9 915.0 302.0 913.9 302.0C911.3 302.0 911.5 303.6 914.1 304.3C915.3 304.6 915.9 305.3 915.5 305.9C914.6 307.5 911.4 307.2 910.0 305.5C907.9 303.0 909.3 300.7 914.0 298.9C916.5 298.0 920.3 296.4 922.5 295.4C924.7 294.5 927.3 293.8 928.3 293.9C929.3 294.0 932.5 292.5 935.5 290.6C939.1 288.2 942.0 287.0 944.3 287.0C946.3 287.0 948.6 286.3 949.6 285.3C951.8 283.1 956.0 280.9 956.9 281.5C959.9 283.3 954.4 291.5 948.3 294.3C947.1 294.8 945.9 295.8 945.7 296.5C945.2 297.7 951.3 296.2 957.5 293.6C961.2 292.0 965.9 290.4 972.5 288.3C975.2 287.5 979.1 285.9 981.1 284.9C983.1 283.9 985.8 283.0 987.2 283.0C988.5 283.0 990.7 282.2 992.0 281.3C995.0 279.2 1004.4 275.0 1008.0 274.3C1009.4 274.0 1011.1 273.3 1011.8 272.7C1012.5 272.2 1014.7 271.5 1016.7 271.3C1018.8 271.1 1021.1 270.3 1022.0 269.5C1022.8 268.7 1025.4 267.7 1027.7 267.2C1030.0 266.7 1033.2 265.3 1034.8 264.1C1036.5 263.0 1038.5 262.0 1039.3 262.0C1042.7 262.0 1055.4 255.9 1059.4 252.3C1061.8 250.2 1064.9 247.7 1066.1 246.7C1067.6 245.6 1066.7 245.8 1064.0 247.3C1061.5 248.6 1057.9 250.0 1056.0 250.4C1054.1 250.7 1051.0 252.1 1049.0 253.4C1047.1 254.8 1043.9 256.0 1042.0 256.3C1040.1 256.5 1036.3 258.1 1033.6 259.9C1030.8 261.6 1027.6 263.0 1026.4 263.0C1024.0 263.0 1014.5 267.5 1013.5 269.0C1013.2 269.6 1011.5 270.0 1009.9 270.0C1008.2 270.0 1004.9 271.2 1002.4 272.6C1000.0 274.0 997.5 275.0 996.8 274.8C996.1 274.5 993.7 275.1 991.5 276.1C984.4 279.3 978.8 277.7 981.6 273.3C982.6 271.7 991.4 268.0 994.2 268.0C995.1 268.0 997.6 266.9 999.6 265.5C1001.6 264.1 1004.5 263.0 1005.9 263.0C1007.3 263.0 1009.9 262.1 1011.5 261.0C1013.1 259.9 1015.3 259.0 1016.3 259.0C1017.4 259.0 1019.6 258.0 1021.3 256.8C1023.1 255.5 1025.3 254.7 1026.4 254.8C1027.4 255.0 1030.2 253.8 1032.5 252.1L1036.8 249.0L1038.9 251.6C1040.2 253.3 1041.0 253.7 1041.0 252.8C1041.0 250.6 1044.8 247.5 1051.0 244.6C1058.3 241.1 1069.8 230.2 1069.8 226.7C1069.8 224.2 1069.5 224.1 1065.2 224.2C1060.3 224.3 1057.9 226.0 1054.8 231.8C1052.6 236.0 1041.5 241.8 1038.8 240.1C1036.8 238.8 1033.5 241.6 1030.5 247.2C1029.0 249.9 1027.1 250.7 1025.7 249.3C1025.3 249.0 1026.6 246.8 1028.5 244.5L1031.9 240.2L1029.0 239.6C1024.9 238.8 1024.0 239.4 1020.1 245.1C1015.2 252.3 1012.4 254.2 1007.5 253.8C1003.7 253.4 1003.2 253.7 997.0 260.2C993.4 263.9 989.7 267.0 988.8 267.0C986.6 267.0 985.5 265.1 987.2 264.5C988.0 264.2 988.7 262.7 988.8 261.2C989.3 255.8 989.7 254.7 991.7 253.0C993.2 251.8 993.9 249.8 994.3 245.9C994.5 242.9 995.0 239.6 995.4 238.5C996.8 234.3 992.5 231.5 982.3 230.0C971.5 228.5 967.1 229.0 958.4 233.0C950.6 236.5 949.2 238.8 950.9 245.4C951.5 247.9 952.0 254.2 952.0 259.4C952.0 270.9 949.6 275.2 943.4 274.8C940.7 274.6 939.2 275.3 936.3 278.2C931.1 283.1 928.9 284.0 923.9 283.6C920.1 283.2 919.3 283.5 916.4 286.7C913.6 289.8 912.5 290.2 907.0 290.7C901.5 291.2 900.6 291.7 898.2 294.6C895.8 297.7 895.0 298.0 890.3 298.0C884.8 298.0 882.8 299.5 878.8 306.8C877.1 310.0 873.3 311.7 870.4 310.6C868.2 309.8 869.4 308.4 872.9 307.7C874.7 307.3 876.1 306.3 876.5 304.9C876.9 303.7 878.8 301.0 880.7 298.9C883.9 295.4 884.7 295.0 888.9 295.0C892.9 295.0 894.1 294.5 896.9 291.6C899.7 288.7 901.0 288.2 906.0 287.8C911.0 287.4 912.3 286.9 914.1 284.6C916.8 281.2 920.3 279.8 923.2 280.9C926.1 282.0 930.0 280.1 935.8 274.8C939.4 271.5 940.6 271.0 943.0 271.5C948.0 272.6 949.3 269.1 948.6 256.8C948.3 251.1 947.8 244.7 947.5 242.4C946.5 236.6 949.7 233.2 959.9 229.2C968.8 225.6 972.4 225.4 985.0 227.4C995.1 229.1 999.7 232.8 998.5 238.5C998.1 240.2 997.6 243.8 997.3 246.5C997.0 250.0 996.1 252.3 994.2 254.2C992.8 255.7 991.9 257.2 992.2 257.6C993.6 258.9 998.9 254.8 1001.4 250.5C1005.1 244.2 1008.1 242.4 1012.6 243.8C1016.0 244.8 1016.3 244.7 1020.4 240.4C1024.9 235.8 1026.2 235.3 1030.6 237.0C1032.9 237.9 1033.5 237.7 1034.7 236.0C1039.1 229.7 1040.6 228.7 1045.4 228.5C1048.0 228.5 1050.3 228.7 1050.5 229.1C1051.4 230.4 1048.0 232.2 1045.8 231.7C1043.2 231.0 1040.8 232.2 1038.7 235.3C1037.2 237.6 1037.3 237.7 1039.9 237.5C1044.2 237.2 1051.4 232.4 1053.3 228.5C1055.5 223.8 1060.3 221.0 1066.1 221.0C1070.2 221.0 1071.3 220.5 1074.7 217.1C1078.5 213.2 1078.8 213.1 1085.1 213.3C1090.1 213.5 1091.4 213.9 1091.3 215.0C1091.1 215.9 1091.6 215.6 1092.3 214.5C1092.9 213.4 1095.6 210.3 1098.2 207.6C1102.4 203.3 1103.3 202.8 1106.2 203.2C1108.0 203.5 1111.1 203.2 1113.2 202.4C1115.2 201.7 1117.1 201.4 1117.4 201.7C1117.7 202.1 1119.6 200.5 1121.6 198.2C1125.0 194.2 1125.5 194.0 1130.6 194.0C1135.6 194.0 1136.2 193.7 1139.6 190.0C1143.0 186.3 1143.6 186.0 1148.7 186.0C1151.7 186.0 1155.4 185.3 1157.0 184.5C1158.6 183.7 1160.4 183.1 1160.9 183.2C1161.4 183.4 1163.4 181.4 1165.4 178.8C1169.1 174.0 1170.1 173.6 1176.2 174.0C1181.7 174.3 1191.3 170.2 1193.8 166.4C1196.5 162.2 1199.8 160.8 1204.9 161.6C1207.7 162.0 1209.8 161.6 1212.8 160.1C1215.1 158.9 1217.7 157.9 1218.7 157.7C1219.7 157.5 1222.6 155.2 1225.2 152.6C1229.6 148.1 1230.2 147.9 1233.7 148.5C1236.6 148.9 1238.9 148.5 1243.4 146.5C1246.6 145.1 1249.9 144.1 1250.7 144.4C1251.5 144.8 1253.2 143.7 1254.7 142.0C1257.6 138.5 1262.6 135.6 1263.4 136.9C1263.7 137.3 1262.2 139.1 1260.0 140.9C1257.8 142.6 1255.7 145.3 1255.4 146.8C1255.0 148.3 1254.3 150.0 1253.8 150.6C1253.3 151.3 1253.0 152.2 1253.1 152.6C1253.6 155.6 1252.1 157.5 1243.9 164.1C1238.9 168.2 1232.8 172.9 1230.3 174.6C1227.9 176.4 1226.3 178.1 1226.8 178.4C1229.9 180.3 1227.1 183.7 1215.6 192.5C1204.5 201.0 1203.6 201.9 1203.6 205.0C1203.5 207.9 1202.8 209.0 1198.6 212.0C1195.9 213.9 1190.0 218.5 1185.5 222.2C1180.9 225.8 1175.4 230.0 1173.1 231.5C1169.1 234.2 1169.1 234.3 1170.5 237.0C1171.9 239.7 1171.8 240.0 1168.9 242.4C1167.2 243.8 1165.4 245.0 1164.9 245.0C1164.4 245.0 1160.5 248.3 1156.2 252.3C1152.0 256.4 1146.3 261.1 1143.7 262.9C1140.2 265.3 1139.1 266.5 1139.9 267.3C1141.9 269.3 1141.0 271.9 1137.2 274.9C1135.2 276.6 1129.1 281.5 1123.7 285.9C1116.7 291.7 1112.9 294.1 1110.2 294.5C1108.2 294.8 1105.8 295.5 1105.0 296.1C1104.2 296.6 1102.2 297.5 1100.7 298.1C1099.1 298.7 1097.4 300.4 1096.9 301.7C1096.1 303.9 1095.8 304.0 1094.3 302.9C1093.1 301.8 1092.6 301.8 1092.3 302.7C1092.0 303.4 1088.5 306.7 1084.4 310.0C1077.5 315.5 1075.8 318.2 1081.5 314.4C1082.9 313.5 1084.8 313.1 1085.9 313.5C1089.5 314.6 1101.8 307.0 1113.2 296.5C1115.4 294.5 1116.0 294.3 1117.0 295.4C1117.9 296.5 1117.3 297.4 1114.4 299.7C1112.4 301.2 1108.3 304.4 1105.3 306.8C1102.4 309.1 1098.6 311.9 1096.9 312.9C1094.6 314.3 1094.2 314.9 1095.4 315.3C1099.8 317.0 1093.2 324.2 1074.9 337.7C1070.1 341.2 1069.3 342.3 1069.3 345.1C1069.3 347.4 1068.5 349.0 1066.3 350.9C1064.7 352.3 1058.3 357.9 1052.1 363.3C1040.1 373.9 1026.8 381.9 1024.0 380.3C1023.1 379.7 1021.6 379.8 1020.2 380.6C1018.3 381.5 1018.2 381.9 1019.4 382.3C1022.2 383.4 1021.1 385.8 1016.2 389.5C1011.3 393.1 1004.8 398.6 1000.1 403.0C996.5 406.3 998.9 404.6 1008.0 397.4C1024.8 384.0 1033.2 378.0 1035.5 378.0C1036.8 378.0 1038.1 377.2 1038.5 376.2C1039.1 374.6 1039.2 374.6 1040.3 376.1C1041.4 377.6 1041.9 377.5 1045.0 374.9C1046.9 373.3 1048.9 372.0 1049.6 372.0C1050.2 372.0 1051.5 371.1 1052.5 370.0C1053.5 368.9 1055.6 368.0 1057.2 368.0C1059.3 368.0 1061.3 366.7 1064.6 363.4C1067.7 360.3 1069.6 359.2 1070.2 359.8C1071.9 361.5 1061.7 371.0 1058.2 371.0C1054.4 371.0 1053.1 372.6 1053.7 376.4C1054.0 378.6 1053.6 380.3 1052.0 382.3C1049.4 385.6 1047.2 384.9 1049.4 381.4C1051.0 379.1 1051.6 375.0 1050.3 375.0C1050.0 375.0 1048.2 376.2 1046.3 377.6C1043.7 379.6 1042.6 379.9 1041.5 379.0C1040.5 378.1 1040.0 378.3 1039.5 379.9C1039.2 381.0 1033.8 386.4 1027.6 391.8C1017.1 401.1 1012.7 404.4 1004.5 409.5C1002.8 410.6 1000.1 412.4 998.5 413.4C995.9 415.3 995.6 415.3 992.9 413.8C990.2 412.2 989.9 412.3 987.5 414.2C985.8 415.5 984.1 416.0 982.5 415.6C980.8 415.2 978.8 415.7 976.0 417.5C971.7 420.2 968.1 420.7 966.2 418.8C965.3 417.9 964.3 418.1 962.0 419.8C960.1 421.2 957.6 422.0 954.9 422.0C952.6 422.0 949.4 422.8 947.6 423.9C945.0 425.5 940.6 426.5 937.7 426.1C937.3 426.0 937.4 425.1 938.0 424.0C938.8 422.5 939.7 422.1 941.1 422.5C942.2 422.9 944.4 422.3 946.4 421.1C948.4 419.8 951.4 419.0 953.9 419.0C958.1 419.0 964.1 416.0 967.0 412.4C968.8 410.3 968.0 410.6 961.3 415.2C956.9 418.2 955.5 418.6 954.6 417.1C954.3 416.6 956.9 414.3 960.5 412.0C964.0 409.7 967.5 407.1 968.2 406.3C968.9 405.4 971.9 402.9 974.8 400.8C979.9 397.0 980.0 396.8 979.4 392.9C978.8 389.3 979.0 388.8 980.9 388.3C982.5 387.9 982.9 387.2 982.5 385.9C982.0 384.4 982.6 383.6 985.3 382.5C989.7 380.7 996.9 375.3 1004.5 368.0C1009.5 363.3 1011.7 362.0 1017.7 360.2C1021.7 359.0 1025.2 357.5 1025.5 357.0C1026.4 355.6 1023.9 355.8 1021.0 357.5C1019.6 358.3 1017.5 358.9 1016.2 359.0C1015.0 359.0 1012.2 359.9 1010.0 361.0C1007.8 362.1 1004.5 363.0 1002.7 363.0C1000.8 363.0 998.7 363.7 998.0 364.5C997.3 365.3 995.5 366.0 994.0 366.0C992.5 366.0 990.7 366.7 990.0 367.5C988.7 369.0 992.9 368.1 1000.4 365.1C1002.3 364.4 1003.7 364.3 1004.3 364.9C1005.5 366.1 1001.0 368.4 992.7 371.0C987.8 372.5 985.5 374.0 981.5 378.1L976.5 383.3L982.0 379.1C987.3 375.0 989.5 374.1 989.5 375.9C989.5 376.6 985.1 380.4 969.2 393.3C965.1 396.7 964.0 397.1 960.3 396.7C957.5 396.4 955.3 396.8 953.9 397.8C951.7 399.3 948.5 400.2 938.2 402.1C935.2 402.6 931.8 403.8 930.4 404.6C928.9 405.7 926.9 406.0 925.1 405.7C923.0 405.3 921.4 405.7 919.6 407.1C917.7 408.6 915.8 409.0 912.1 408.9C909.0 408.7 906.5 409.2 905.4 410.1C904.5 410.8 902.7 411.3 901.4 411.2C900.1 411.0 896.6 412.1 893.7 413.7C890.2 415.6 887.6 416.4 886.0 416.0C884.5 415.6 881.3 416.3 878.0 417.7C875.0 418.9 871.7 420.0 870.8 420.0C869.8 420.0 869.0 420.6 869.0 421.4C869.0 423.6 864.4 426.0 860.1 426.0C856.9 426.0 855.4 426.7 851.8 430.1C844.9 436.6 831.8 446.0 830.7 445.3C830.1 444.9 831.3 443.2 833.6 441.2C835.7 439.3 836.5 438.2 835.3 438.9C832.8 440.2 827.0 445.8 827.0 447.0C827.0 447.4 828.7 447.3 830.8 446.8C832.8 446.3 836.1 445.6 838.0 445.3C839.9 445.1 842.9 444.2 844.7 443.4C846.4 442.6 848.5 442.3 849.3 442.6C850.1 442.9 852.2 442.4 853.9 441.6C855.5 440.7 858.5 440.0 860.4 440.0C863.3 440.0 863.7 439.7 863.3 438.0C862.9 436.6 863.6 435.0 865.1 433.3C866.8 431.5 865.8 431.9 862.0 434.7C855.1 439.8 850.3 442.3 849.5 441.1C849.0 440.1 862.6 430.3 869.1 426.9C872.4 425.2 875.8 425.8 872.9 427.5C872.4 427.9 872.1 428.8 872.4 429.5C872.7 430.3 871.4 432.0 869.6 433.4C866.2 436.0 864.2 440.0 866.4 440.0C867.0 440.0 869.3 439.1 871.4 438.1C873.5 437.0 875.8 436.4 876.7 436.7C879.1 437.6 887.2 433.0 891.0 428.6C894.6 424.4 893.3 425.0 886.7 430.7C882.9 434.1 881.5 434.6 880.6 433.1C880.3 432.7 882.2 430.6 884.8 428.6C887.4 426.6 891.9 423.1 894.8 420.7C906.7 411.3 908.6 410.0 910.8 410.0C912.0 410.0 913.3 410.7 913.6 411.5C914.1 412.7 914.8 412.5 917.5 410.4C921.2 407.6 927.4 406.2 928.4 407.9C929.1 409.0 928.5 409.4 923.7 410.4C922.2 410.8 916.8 414.8 911.7 419.3C900.2 429.5 896.3 432.3 895.5 430.9C895.1 430.3 895.6 428.9 896.6 427.7C897.5 426.5 896.0 427.9 893.1 430.8C888.0 436.0 880.1 440.4 877.1 439.7C876.2 439.5 873.8 440.2 871.8 441.2C869.7 442.2 865.9 443.0 863.0 443.0C860.2 443.0 856.5 443.7 854.8 444.6C853.1 445.5 850.8 445.9 849.7 445.6C848.6 445.3 846.7 445.6 845.6 446.2C844.4 446.9 841.7 447.7 839.5 448.1C837.3 448.5 833.6 449.3 831.2 449.8C828.6 450.4 826.7 450.4 826.4 449.8C826.1 449.3 825.3 449.3 824.6 450.0C823.9 450.5 821.2 451.2 818.7 451.4C816.2 451.7 813.3 452.3 812.3 452.8C811.3 453.3 808.2 454.1 805.5 454.5C802.8 454.9 799.8 455.6 799.0 456.0C798.2 456.5 795.4 457.0 792.8 457.3C790.2 457.6 787.5 458.2 786.8 458.7C786.1 459.1 783.0 459.8 780.0 460.1C777.0 460.5 772.2 461.5 769.5 462.3C766.8 463.1 764.1 463.5 763.7 463.3C762.4 462.5 765.1 460.0 767.4 460.0C768.5 459.9 770.6 459.3 772.0 458.5C773.4 457.7 776.4 457.1 778.8 457.0C781.2 457.0 783.9 456.6 784.9 456.0C785.9 455.5 789.2 454.6 792.1 454.1C804.7 451.7 811.7 450.1 814.6 449.1C816.3 448.4 818.1 448.0 818.6 448.1C821.3 448.6 823.1 447.7 824.7 445.0C825.7 443.3 828.1 440.8 830.2 439.4C835.6 435.6 835.1 432.9 829.0 433.7C826.5 434.0 823.7 434.7 822.8 435.1C821.9 435.6 820.0 436.0 818.7 436.0C817.3 436.0 815.2 436.8 813.9 437.9C812.2 439.3 811.2 439.5 809.9 438.7C808.3 437.7 807.7 437.9 795.7 442.3C793.6 443.0 790.5 445.0 788.7 446.7C787.0 448.3 783.7 450.6 781.5 451.6C779.3 452.7 775.4 454.8 772.8 456.3C770.1 457.9 767.9 458.7 767.6 458.1C766.8 456.9 774.3 451.6 780.7 448.8C783.2 447.7 786.4 445.5 787.7 443.9C789.0 442.4 791.7 440.6 793.8 439.9C795.8 439.3 798.0 438.4 798.5 438.0C799.0 437.6 802.0 436.7 805.0 436.0C808.0 435.4 812.1 434.4 814.0 433.9C815.9 433.4 818.6 432.8 820.0 432.6C821.4 432.4 820.5 432.3 818.0 432.5C809.0 433.2 794.7 437.0 790.4 439.7C789.2 440.5 786.6 440.9 784.6 440.7C781.4 440.4 775.5 441.5 771.0 443.3C770.2 443.6 768.1 444.1 766.5 444.4C764.9 444.7 759.7 445.9 755.0 447.0C750.3 448.2 745.0 449.4 743.2 449.7C740.7 450.1 740.0 450.7 740.0 452.5C740.0 454.7 735.0 460.0 732.9 460.0C732.3 460.0 729.9 461.4 727.5 463.0C722.7 466.3 722.4 466.4 721.5 465.0Z
M1095.1 464.3C1091.8 463.1 1090.2 463.0 1088.9 463.8C1086.7 465.2 1086.0 464.4 1086.0 460.3C1086.0 457.6 1085.7 457.1 1083.9 457.3C1080.8 457.6 1079.3 454.7 1080.9 451.7C1081.6 450.3 1081.9 448.7 1081.6 448.1C1080.4 446.2 1081.9 444.9 1084.1 446.0C1085.2 446.6 1085.8 447.5 1085.5 448.0C1085.2 448.5 1086.4 448.9 1088.2 448.7C1090.0 448.6 1091.5 448.8 1091.5 449.1C1091.5 449.4 1092.1 450.4 1092.9 451.3C1093.8 452.4 1094.0 454.1 1093.6 456.5C1092.9 460.2 1094.7 461.7 1100.5 462.5C1103.4 462.9 1103.4 462.9 1102.0 464.5C1100.5 466.3 1100.7 466.3 1095.1 464.3Z
M1380.1 462.5C1372.3 459.0 1367.9 458.0 1365.9 459.0C1364.6 459.8 1363.4 459.7 1362.0 459.0C1359.9 457.9 1360.2 455.6 1362.3 456.3C1363.0 456.5 1364.3 456.3 1365.2 455.9C1366.2 455.3 1368.5 455.4 1370.7 455.9C1379.3 458.1 1379.7 458.1 1376.3 456.5C1372.7 454.8 1371.5 453.4 1373.0 452.5C1373.6 452.1 1375.7 452.8 1377.6 453.9C1379.5 455.1 1382.2 456.0 1383.4 456.0C1387.1 456.0 1390.8 459.5 1389.4 461.7C1388.0 464.0 1384.4 464.3 1380.1 462.5Z
M867.0 459.3C864.6 456.2 861.3 455.8 847.5 456.4C842.8 456.6 843.3 454.6 848.2 453.7C850.5 453.2 853.2 452.9 854.0 453.0C860.2 453.6 865.8 453.5 867.5 452.8C871.7 451.1 885.5 449.3 886.8 450.3C887.4 450.8 888.0 452.9 888.0 455.0C888.0 460.6 885.8 462.0 876.7 462.0C869.7 462.0 869.0 461.8 867.0 459.3Z
M1023.1 459.4C1019.2 457.5 1018.1 456.5 1018.9 455.7C1019.7 454.9 1020.6 454.9 1022.2 455.7C1029.4 459.1 1031.0 459.4 1032.5 457.3C1035.3 453.3 1047.2 452.6 1050.3 456.3C1051.8 458.0 1052.5 458.2 1054.0 457.2C1056.3 455.8 1057.7 457.4 1056.0 459.5C1054.3 461.5 1052.0 461.4 1049.6 459.0C1045.9 455.6 1036.9 456.3 1034.2 460.1C1032.5 462.6 1029.6 462.4 1023.1 459.4Z
M944.4 459.9C942.6 456.9 950.4 454.4 956.6 455.9C959.7 456.7 961.6 456.7 963.0 456.0C967.9 453.4 995.9 451.2 999.8 453.2C1001.6 454.1 1002.9 453.9 1006.8 452.1C1011.0 450.1 1014.4 449.8 1018.9 450.9C1020.7 451.4 1016.4 453.6 1014.4 453.2C1012.9 452.9 1009.8 453.7 1006.9 455.0C1002.7 457.0 1001.7 457.2 999.6 456.1C998.1 455.2 995.6 455.0 992.9 455.4C990.5 455.7 987.9 455.9 987.2 455.9C979.0 455.6 967.6 457.1 964.1 458.9C962.4 459.8 960.7 459.8 956.6 458.9C952.1 457.9 950.8 458.0 948.1 459.3C946.4 460.2 944.8 460.4 944.4 459.9Z
M1249.9 460.6C1249.8 460.5 1249.7 459.0 1249.5 457.2C1249.3 454.5 1249.7 453.7 1251.9 452.5C1253.4 451.8 1255.2 450.5 1255.9 449.6C1257.9 447.2 1262.6 446.7 1267.8 448.3C1270.4 449.1 1274.4 450.3 1276.7 450.9C1282.0 452.3 1284.2 455.6 1281.4 457.7C1280.3 458.5 1278.6 458.8 1277.5 458.5C1270.3 456.4 1263.9 455.8 1262.3 457.1C1261.1 458.2 1250.6 461.0 1249.9 460.6Z
M1089.5 452.4C1088.2 451.4 1087.2 451.4 1085.4 452.2C1082.2 453.7 1082.4 454.6 1085.8 454.5C1088.1 454.5 1088.6 455.0 1088.9 457.5L1089.3 460.5L1090.2 457.0C1091.0 454.2 1090.9 453.4 1089.5 452.4Z
M884.8 455.8C885.2 452.5 884.2 452.4 874.4 454.2C868.7 455.2 868.2 455.5 869.1 457.2C870.0 458.8 871.1 459.0 877.3 458.8C884.3 458.5 884.5 458.4 884.8 455.8Z
M718.6 456.4C719.9 456.1 721.0 455.5 721.0 455.1C721.0 453.8 715.1 455.2 713.8 456.8C712.7 458.1 712.8 458.3 714.3 457.7C715.4 457.3 717.3 456.7 718.6 456.4Z
M1485.5 456.0C1488.7 455.5 1486.7 455.4 1480.0 455.8C1474.2 456.1 1468.4 456.7 1467.0 457.1C1464.1 458.0 1478.2 457.1 1485.5 456.0Z
M1261.5 454.4C1263.9 452.9 1269.3 453.2 1278.0 455.5L1280.5 456.1L1278.0 454.6C1276.6 453.8 1274.8 453.1 1273.9 453.0C1273.0 453.0 1270.0 452.3 1267.4 451.4C1261.5 449.5 1257.0 450.6 1257.3 454.0C1257.5 456.4 1258.3 456.5 1261.5 454.4Z
M1501.0 454.1C1504.3 453.5 1504.7 453.2 1502.5 453.2C1500.8 453.2 1497.5 453.5 1495.0 453.9C1491.7 454.5 1491.3 454.8 1493.5 454.8C1495.2 454.8 1498.5 454.5 1501.0 454.1Z
M920.2 452.8C919.5 452.1 919.0 451.0 919.0 450.3C919.0 448.0 913.7 444.0 911.4 444.6C908.2 445.4 907.4 443.2 910.5 442.0C913.8 440.7 920.6 444.7 921.6 448.6C922.5 452.0 925.4 451.4 925.8 447.7C926.1 445.1 925.9 444.9 923.3 445.2C921.3 445.4 920.5 445.1 920.5 444.0C920.5 442.9 921.6 442.5 924.5 442.5L928.5 442.5L928.8 447.3C929.1 451.6 928.9 452.1 926.5 453.0C923.1 454.3 921.7 454.3 920.2 452.8Z
M1047.9 450.6C1046.7 448.0 1042.2 447.8 1037.2 450.2C1035.6 451.1 1034.4 451.0 1032.6 450.0C1030.7 449.0 1029.4 449.0 1027.3 449.8C1024.6 450.9 1016.2 449.6 1014.4 447.7C1013.0 446.3 1017.3 445.8 1021.2 446.9C1024.1 447.8 1025.6 447.8 1026.3 447.1C1027.7 445.7 1031.7 445.7 1032.5 447.0C1033.3 448.3 1036.3 448.3 1037.7 446.9C1038.3 446.3 1041.1 445.7 1043.9 445.5C1048.7 445.1 1049.2 445.3 1050.1 447.7C1050.8 449.7 1051.3 450.0 1052.4 449.1C1054.3 447.5 1055.6 449.6 1054.0 451.5C1052.1 453.8 1049.1 453.3 1047.9 450.6Z
M701.7 446.0C704.7 446.0 704.8 445.9 703.7 443.5C703.0 442.1 702.3 441.0 702.0 441.0C700.6 441.0 695.0 445.2 694.1 446.9C693.0 448.8 693.1 448.8 695.7 447.4C697.3 446.7 699.9 446.0 701.7 446.0Z
M720.6 444.4L725.5 440.8L722.0 441.5C719.1 442.0 713.3 443.8 712.2 444.5C711.5 445.0 713.4 448.0 714.4 448.0C715.1 448.0 717.9 446.4 720.6 444.4Z
M948.7 446.8C947.2 446.1 945.2 443.9 944.2 442.0C943.1 439.9 941.9 438.7 941.0 438.9C940.2 439.1 934.7 439.6 928.9 440.0C923.1 440.4 917.8 441.0 917.2 441.4C915.5 442.4 914.9 440.4 916.6 439.0C917.5 438.2 922.6 437.4 929.0 437.0C938.0 436.5 940.5 436.0 942.9 434.2C944.5 433.0 949.1 431.3 953.2 430.5C957.2 429.6 962.1 428.3 964.0 427.6C966.3 426.7 968.3 426.6 969.8 427.1C972.6 428.1 971.8 430.0 968.7 429.9C967.5 429.9 963.4 430.8 959.5 431.9C955.6 433.0 951.7 434.0 950.8 434.0C949.9 434.0 947.9 434.5 946.3 435.1C943.9 436.0 943.7 436.3 945.2 437.1C946.1 437.6 947.1 439.3 947.5 440.9C948.4 444.9 955.4 446.2 966.5 444.2C970.4 443.5 970.5 443.4 970.6 439.0C970.8 432.0 972.0 430.0 977.6 427.9C980.3 426.8 984.1 426.0 986.0 426.0C987.9 426.0 991.3 425.5 993.5 424.9C995.7 424.4 1001.3 423.3 1006.0 422.7C1013.1 421.6 1014.5 421.1 1014.8 419.5C1015.0 418.4 1015.9 416.7 1016.7 415.8C1017.5 414.9 1018.0 413.5 1017.7 412.8C1017.5 412.1 1017.9 410.2 1018.7 408.7C1019.8 406.5 1019.9 405.5 1019.0 404.4C1018.0 403.3 1018.1 402.9 1019.3 402.4C1022.9 401.1 1024.0 404.5 1021.6 409.0C1020.7 410.6 1020.5 412.2 1021.1 413.7C1021.8 415.5 1021.5 416.2 1020.0 417.0C1018.9 417.6 1018.0 418.7 1018.0 419.4C1018.0 421.3 1022.1 420.6 1023.3 418.4C1024.5 416.2 1040.3 398.3 1043.4 395.7C1044.5 394.7 1047.5 391.2 1050.0 388.0C1052.5 384.8 1056.4 379.7 1058.7 376.7C1060.9 373.8 1064.3 370.1 1066.1 368.6C1067.9 367.1 1071.7 362.9 1074.7 359.4C1080.3 352.4 1096.4 334.6 1101.6 329.5C1103.3 327.8 1106.8 324.0 1109.5 321.0C1112.1 318.0 1119.3 310.3 1125.4 304.0C1131.6 297.7 1139.9 288.7 1144.0 284.0C1151.5 275.5 1175.6 250.5 1197.0 229.0C1203.3 222.6 1210.6 215.1 1213.2 212.2C1217.9 207.0 1219.4 206.2 1220.4 207.9C1220.8 208.4 1221.2 223.4 1221.5 241.3C1221.9 269.7 1221.8 273.9 1220.5 275.0C1219.4 275.9 1218.6 276.0 1217.9 275.3C1217.1 274.5 1217.2 274.0 1217.9 273.6C1218.5 273.2 1219.0 271.9 1219.0 270.8C1219.0 269.6 1218.7 269.0 1218.3 269.3C1218.0 269.7 1217.1 269.5 1216.4 268.9C1214.2 267.1 1213.6 272.9 1214.0 293.0C1214.1 301.2 1214.4 302.9 1215.1 300.5C1215.6 298.9 1215.9 294.7 1215.8 291.3C1215.6 287.7 1215.9 285.0 1216.5 285.0C1219.5 284.7 1219.6 302.4 1216.6 304.6C1214.7 305.9 1214.6 307.4 1216.1 309.8C1217.4 311.9 1216.1 319.3 1214.5 319.1C1214.0 319.0 1213.5 317.0 1213.5 314.7C1213.5 312.4 1213.1 309.8 1212.5 309.0C1211.2 306.9 1210.3 283.0 1211.3 273.5C1211.8 269.1 1212.2 262.3 1212.3 258.3C1212.5 250.8 1213.7 248.3 1216.6 249.4C1218.1 250.0 1218.1 250.2 1216.8 251.8C1214.7 254.1 1215.1 264.5 1217.3 266.7C1218.8 268.2 1218.9 266.2 1218.7 239.7L1218.5 211.0L1214.0 215.8C1211.6 218.4 1207.3 222.7 1204.5 225.3C1201.8 227.9 1200.2 229.9 1201.0 229.8C1204.1 229.2 1204.5 259.7 1201.4 263.1C1200.1 264.5 1200.1 264.9 1201.4 265.9C1203.3 267.5 1204.0 273.7 1204.4 295.2C1204.8 311.4 1204.3 315.9 1202.5 312.9C1202.1 312.3 1201.6 303.9 1201.4 294.2C1200.9 273.2 1200.4 268.6 1198.5 267.0C1196.6 265.4 1196.6 264.1 1198.5 262.0C1200.0 260.4 1200.6 250.4 1200.2 236.2L1200.0 229.8L1181.7 248.7C1156.6 274.5 1147.9 283.7 1143.0 289.5C1140.6 292.2 1133.9 299.4 1128.0 305.5C1122.1 311.6 1115.1 319.0 1112.5 322.0C1109.8 325.0 1106.1 329.1 1104.1 331.0C1099.7 335.2 1083.0 353.7 1077.5 360.4C1075.3 363.1 1070.6 368.1 1067.1 371.6C1063.6 375.0 1061.0 378.4 1061.2 379.0C1061.4 379.6 1064.3 383.1 1067.7 386.8C1085.5 406.2 1089.4 411.7 1086.9 414.4C1085.9 415.6 1084.0 414.2 1084.0 412.2C1084.0 411.3 1083.2 409.3 1082.2 407.9C1079.6 403.9 1059.8 382.0 1058.8 382.0C1058.4 382.0 1056.1 384.6 1053.7 387.7C1051.4 390.8 1048.1 394.8 1046.5 396.4C1031.2 411.7 1022.8 423.1 1023.2 427.8L1023.5 431.4L1035.5 432.7C1042.1 433.4 1048.5 434.4 1049.7 435.0C1054.2 436.9 1061.0 433.0 1061.0 428.4C1061.0 425.7 1062.7 424.3 1064.3 425.9C1065.1 426.7 1065.8 426.5 1067.1 425.4C1068.4 424.2 1071.2 423.8 1078.2 423.8C1088.8 423.7 1092.0 422.9 1092.0 420.1C1092.0 415.6 1100.1 414.6 1116.5 417.2C1124.9 418.6 1125.7 418.6 1158.0 419.9C1172.0 420.5 1185.2 421.4 1187.4 421.9C1189.5 422.4 1191.8 422.6 1192.5 422.4C1193.2 422.1 1196.4 422.4 1199.7 423.0C1202.9 423.7 1211.1 424.4 1218.0 424.6C1246.6 425.4 1261.6 426.1 1264.0 426.6C1265.4 427.0 1271.9 427.4 1278.5 427.5C1305.5 428.3 1337.1 429.9 1338.3 430.7C1338.9 431.1 1342.2 431.5 1345.5 431.6C1348.8 431.7 1355.5 432.0 1360.5 432.4C1365.5 432.7 1373.4 433.2 1378.1 433.5C1397.7 434.5 1403.9 435.7 1402.4 438.1C1402.1 438.6 1401.6 438.8 1401.2 438.6C1400.2 438.0 1356.4 434.8 1345.0 434.6C1341.4 434.5 1337.9 434.1 1337.2 433.6C1336.0 432.9 1303.6 431.2 1278.0 430.6C1271.7 430.4 1264.9 430.0 1263.0 429.6C1259.3 429.0 1239.1 428.1 1217.0 427.7C1209.6 427.5 1202.9 427.0 1202.2 426.6C1201.4 426.2 1197.9 425.6 1194.2 425.4C1190.5 425.2 1184.6 424.6 1181.0 424.1C1177.4 423.5 1168.7 423.0 1161.5 423.0C1146.4 422.9 1124.1 421.5 1115.6 420.1C1103.6 418.1 1095.5 418.4 1095.2 420.7C1094.5 425.2 1091.6 426.4 1080.2 426.7C1072.4 427.0 1069.1 427.5 1067.9 428.6C1066.3 430.0 1066.1 430.0 1065.2 428.4C1064.4 427.0 1064.2 427.3 1063.6 430.2C1062.6 435.9 1055.1 439.9 1049.2 438.0C1045.8 436.8 1032.0 435.0 1027.1 435.0C1022.1 435.0 1020.0 432.6 1020.0 427.1C1020.0 423.5 1019.7 422.9 1018.4 423.4C1017.5 423.8 1012.4 424.7 1007.1 425.5C1001.8 426.3 995.9 427.4 994.0 428.0C992.1 428.5 988.6 429.0 986.2 429.0C983.9 429.0 980.1 429.9 978.0 431.0C974.1 433.0 974.0 433.2 974.0 438.4C974.0 445.9 972.6 446.9 960.9 447.5C954.4 447.9 950.6 447.7 948.7 446.8Z
M1439.5 446.0C1438.3 444.1 1440.1 441.0 1443.3 439.3C1446.7 437.6 1462.2 427.4 1470.5 421.4C1473.2 419.4 1477.0 417.1 1478.8 416.2C1481.5 414.9 1482.0 414.1 1482.0 411.3C1482.0 402.4 1492.3 393.6 1506.3 390.6C1508.7 390.0 1508.9 389.6 1508.4 387.2C1507.8 384.6 1505.1 381.6 1504.2 382.5C1503.9 382.7 1504.3 383.6 1504.9 384.4C1506.2 385.9 1504.8 387.6 1503.1 386.5C1502.5 386.2 1500.9 387.5 1499.3 389.5C1497.3 392.0 1495.7 393.0 1493.7 393.0C1490.4 393.0 1483.3 399.8 1480.6 405.5C1478.3 410.3 1471.0 413.6 1471.0 409.9C1471.0 409.3 1472.3 408.5 1473.8 407.9C1475.4 407.4 1477.4 405.4 1478.5 403.3C1481.3 398.1 1489.8 390.0 1492.4 390.0C1496.3 390.0 1502.1 382.7 1503.3 376.2C1503.9 373.3 1503.7 373.0 1501.6 373.0C1498.5 373.0 1494.6 377.3 1495.4 379.8C1496.7 383.6 1494.1 383.1 1492.2 379.1C1490.2 375.0 1490.3 374.0 1492.6 374.0C1493.3 374.0 1495.5 372.9 1497.5 371.6C1500.8 369.3 1501.3 369.2 1504.3 370.5C1507.5 371.8 1507.6 371.8 1507.5 369.2C1507.5 367.3 1508.1 366.4 1510.0 365.9C1512.3 365.2 1512.3 365.2 1509.3 365.1C1507.6 365.0 1505.8 365.5 1505.4 366.1C1505.0 366.9 1504.4 366.8 1503.6 366.0C1502.3 364.6 1505.3 362.0 1508.2 362.0C1509.2 362.0 1510.0 361.4 1510.0 360.6C1510.0 358.2 1508.0 357.7 1506.5 359.6C1505.5 361.0 1504.8 361.2 1504.0 360.4C1503.2 359.6 1503.3 359.0 1504.5 358.0C1506.6 356.3 1506.4 352.8 1504.0 349.7C1502.7 348.0 1502.3 346.9 1503.0 346.5C1504.6 345.5 1507.8 348.7 1508.5 352.0C1508.8 353.6 1509.7 355.4 1510.5 356.0C1511.2 356.6 1512.8 360.0 1514.1 363.5C1516.4 370.2 1518.8 372.0 1525.3 372.0C1528.5 372.0 1530.5 378.1 1528.5 382.0C1527.3 384.3 1526.5 384.9 1525.7 384.1C1524.9 383.3 1525.0 382.3 1526.0 380.5C1527.7 377.4 1526.6 376.0 1521.2 374.5C1518.0 373.6 1517.3 373.7 1515.8 375.5C1514.4 377.2 1513.8 377.3 1512.1 376.2C1509.4 374.6 1508.9 374.7 1509.6 376.5C1510.5 378.7 1509.1 380.3 1507.4 378.9C1506.6 378.2 1506.0 378.2 1506.0 378.8C1506.0 380.4 1509.1 381.2 1510.6 379.9C1513.0 377.9 1516.5 379.2 1516.2 382.0C1515.8 385.7 1514.2 386.7 1513.2 384.0C1511.9 380.6 1510.6 383.3 1511.4 387.6C1512.0 390.5 1512.4 390.9 1513.9 390.1C1514.9 389.5 1518.0 388.8 1520.9 388.4C1523.8 388.0 1527.7 386.7 1529.6 385.4C1533.3 382.8 1534.6 382.5 1535.4 383.8C1537.2 386.7 1521.6 392.3 1509.4 393.3C1496.8 394.3 1485.0 403.1 1485.0 411.4L1485.0 415.5L1475.0 422.0C1469.5 425.6 1460.6 431.6 1455.3 435.3C1449.9 439.1 1444.6 442.6 1443.5 443.0C1440.3 444.4 1452.0 444.0 1455.7 442.7C1459.7 441.2 1472.4 432.2 1480.4 425.1C1491.8 415.1 1502.1 408.5 1508.2 407.4C1512.2 406.7 1516.8 403.0 1513.7 403.0C1512.7 403.0 1512.1 403.3 1512.1 403.8C1512.5 405.9 1511.8 406.1 1510.0 404.5C1508.6 403.3 1507.0 402.9 1504.3 403.2C1500.1 403.7 1495.6 402.5 1496.4 401.1C1496.7 400.6 1500.6 400.2 1505.0 400.1C1512.0 400.0 1513.3 399.7 1515.6 397.5C1519.0 394.4 1522.5 393.4 1524.5 395.0C1526.3 396.5 1525.4 398.4 1523.3 397.6C1521.7 396.9 1516.0 399.9 1516.0 401.3C1516.0 401.8 1517.0 401.9 1518.2 401.6C1521.8 400.5 1522.5 400.4 1522.8 401.4C1523.0 401.9 1521.9 403.0 1520.4 403.9C1518.9 404.8 1516.8 406.3 1515.9 407.2C1514.9 408.2 1512.8 409.2 1511.3 409.6C1506.0 410.7 1499.0 413.9 1495.2 416.9C1493.2 418.6 1489.0 422.0 1486.0 424.4C1473.6 434.6 1459.7 444.6 1456.2 445.7C1451.6 447.1 1440.3 447.3 1439.5 446.0Z
M1089.7 445.3C1089.3 445.0 1089.3 442.3 1089.6 439.4C1090.2 434.3 1090.2 434.1 1087.1 432.5C1085.4 431.7 1084.2 430.5 1084.5 430.0C1086.5 426.8 1093.0 432.3 1093.0 437.2L1093.1 440.5L1094.4 437.5C1095.9 433.9 1099.7 431.7 1103.4 432.2C1106.5 432.6 1107.2 434.4 1104.4 434.8C1098.8 435.6 1098.1 436.1 1096.9 439.7C1095.1 445.4 1092.1 447.8 1089.7 445.3Z
M1471.1 442.4C1468.0 441.1 1467.5 438.2 1470.6 439.4C1471.4 439.7 1472.0 439.5 1472.0 439.0C1472.0 438.5 1473.9 436.8 1476.2 435.4C1478.6 434.0 1482.8 430.7 1485.5 428.1C1497.1 417.2 1504.2 412.8 1514.7 409.7C1523.0 407.3 1522.8 410.4 1514.5 413.0C1512.3 413.7 1509.2 414.8 1507.5 415.3C1503.9 416.7 1493.2 424.6 1486.5 431.0C1483.8 433.7 1479.9 436.8 1478.0 437.9C1475.8 439.2 1475.2 440.0 1476.2 440.0C1479.1 440.0 1494.3 431.6 1502.4 425.4C1517.4 414.0 1520.5 412.0 1525.8 410.5C1531.5 408.8 1535.8 408.8 1535.0 410.5C1534.8 411.1 1531.8 412.2 1528.5 413.1C1522.9 414.5 1512.1 420.5 1510.6 422.9C1509.4 424.7 1494.7 434.7 1487.5 438.4C1477.9 443.4 1475.1 444.1 1471.1 442.4Z
M715.5 440.0C716.0 439.6 718.8 438.9 721.6 438.5C725.9 438.0 734.0 434.3 731.8 433.9C731.3 433.8 730.4 433.7 729.8 433.6C729.1 433.5 728.6 432.7 728.6 431.7C728.8 430.2 728.5 430.1 727.3 431.2C726.1 432.2 725.5 432.0 723.9 430.0C722.9 428.6 722.0 428.0 722.0 428.7C722.0 429.3 722.5 430.2 723.0 430.5C724.5 431.4 723.2 433.0 721.6 432.4C719.8 431.7 713.5 435.0 709.0 438.9L705.5 442.0L710.0 441.4C712.5 441.0 715.0 440.4 715.5 440.0Z
M796.8 433.8C802.5 431.8 805.9 431.1 817.9 429.1C821.4 428.6 824.8 427.6 825.4 426.9C826.2 426.0 826.2 425.9 825.3 426.4C822.6 427.9 823.2 425.0 826.0 422.8C827.7 421.5 831.6 418.5 834.8 416.0C837.9 413.5 841.6 410.6 843.0 409.6L845.5 407.8L843.0 408.5C841.6 408.8 839.4 409.4 838.0 409.7C834.9 410.4 831.3 412.8 832.0 413.7C833.1 415.1 824.2 418.8 818.1 419.4C810.9 420.2 805.9 422.7 804.2 426.4C802.8 429.5 798.5 432.4 796.5 431.6C795.6 431.3 793.2 432.3 791.0 433.8C786.9 436.6 785.5 438.9 789.1 437.0C790.2 436.3 793.7 434.9 796.8 433.8Z
M867.6 437.1C867.1 436.3 871.6 432.4 879.6 427.0C881.6 425.6 885.6 422.4 888.4 419.8C894.1 414.6 898.7 412.3 900.3 413.9C901.0 414.6 900.3 415.3 898.4 416.2C896.8 416.8 893.0 419.7 889.9 422.5C884.8 427.1 869.8 438.0 868.6 438.0C868.4 438.0 867.9 437.6 867.6 437.1Z
M845.1 431.8C846.0 432.0 847.3 431.4 848.0 430.5C850.2 427.9 846.1 428.7 840.2 432.0C834.0 435.6 833.2 437.0 839.2 433.8C841.6 432.6 844.2 431.7 845.1 431.8Z
M741.1 432.6C742.5 431.9 746.3 430.9 749.4 430.6C754.2 430.0 755.3 429.5 756.0 427.4C756.9 425.2 758.3 424.6 761.9 424.8C762.7 424.8 764.7 423.8 766.3 422.4C768.9 420.2 771.0 420.0 771.0 421.9C771.0 422.4 769.2 424.0 767.1 425.4C761.2 429.5 761.3 430.5 767.8 430.3C771.5 430.2 773.8 429.6 774.9 428.5C776.4 426.9 776.3 426.8 774.0 427.6C770.6 428.7 767.6 428.7 767.2 427.6C767.0 427.1 769.4 425.9 772.5 424.9C775.5 424.0 778.8 422.6 779.6 421.9C780.4 421.2 782.6 420.5 784.3 420.4C786.1 420.2 789.3 419.6 791.5 419.0C793.7 418.4 798.2 417.3 801.5 416.6C804.8 415.9 808.9 414.6 810.5 413.7C812.1 412.9 816.0 411.9 819.0 411.5C824.2 410.9 829.1 409.7 833.5 407.9C834.6 407.5 836.6 406.9 838.0 406.7C839.4 406.4 843.2 405.3 846.5 404.2C849.8 403.0 854.2 401.8 856.3 401.5C859.6 401.0 860.0 400.7 859.4 398.5C858.9 396.5 859.5 395.7 862.9 393.6C865.2 392.1 867.0 390.8 867.0 390.6C867.0 389.2 857.2 394.3 854.7 397.1C851.0 401.0 843.9 404.6 841.5 403.6C839.2 402.8 840.4 401.3 844.0 400.5C845.7 400.1 849.4 397.7 852.3 395.1C855.1 392.4 859.2 389.7 861.3 389.0C866.3 387.4 865.5 386.8 859.9 387.9C855.1 388.9 850.8 390.3 844.3 393.2C841.9 394.2 839.8 395.0 839.4 395.0C839.1 395.0 838.1 395.8 837.2 396.8C836.2 397.8 832.9 399.5 829.6 400.5C825.9 401.7 822.0 404.0 819.0 406.7C814.3 411.0 809.7 413.4 808.6 412.3C807.8 411.5 810.0 409.0 811.5 409.0C813.1 409.0 819.1 402.9 818.7 401.6C817.9 399.1 814.1 399.3 807.9 402.1C804.4 403.6 799.5 405.2 797.0 405.6C793.1 406.2 792.9 406.4 794.8 407.1C797.4 408.1 796.9 410.0 794.1 410.0C793.1 410.0 791.1 410.9 789.7 412.0C788.3 413.1 786.6 414.0 785.8 414.0C785.0 414.0 783.9 414.5 783.3 415.1C782.5 415.9 781.6 415.9 780.1 415.1C777.6 413.7 777.2 409.2 779.5 408.4C781.9 407.4 781.3 406.5 777.2 404.7C772.4 402.6 772.0 402.6 763.5 405.4C756.8 407.6 756.5 407.9 756.4 410.9C756.4 413.4 755.7 414.5 753.2 416.0C751.4 417.1 750.0 418.4 750.0 419.0C750.0 419.6 752.1 418.7 754.6 416.9C758.5 414.2 763.9 412.0 767.5 411.5C770.7 411.1 772.3 416.7 769.6 418.9C768.8 419.5 765.4 421.2 762.0 422.5C758.5 423.9 755.0 425.6 754.1 426.4C753.2 427.1 750.0 428.3 747.0 429.1C744.0 429.8 740.4 431.2 739.1 432.2C736.3 434.3 737.4 434.6 741.1 432.6Z
M1391.5 431.9C1387.7 431.4 1380.0 430.8 1374.5 430.5C1369.0 430.2 1360.9 429.7 1356.5 429.5C1352.1 429.2 1347.8 428.9 1347.0 428.9C1346.2 428.9 1341.0 428.5 1335.5 427.9C1330.0 427.4 1319.3 426.8 1311.7 426.5C1303.8 426.3 1297.3 425.6 1296.5 425.0C1295.6 424.3 1295.0 424.3 1294.6 424.9C1293.8 426.2 1278.9 426.2 1273.3 425.0C1270.9 424.4 1262.1 423.9 1253.7 423.9C1245.4 423.8 1236.7 423.4 1234.4 422.9C1232.2 422.5 1222.1 421.8 1212.0 421.5C1201.9 421.2 1191.4 420.4 1188.6 419.9C1185.8 419.3 1178.8 418.7 1173.0 418.4C1167.2 418.2 1158.7 417.8 1154.0 417.5C1149.3 417.2 1140.4 416.8 1134.2 416.5C1122.9 415.9 1122.8 415.8 1121.2 412.9C1120.3 411.3 1119.0 410.0 1118.5 410.0C1117.9 410.0 1115.5 408.0 1113.1 405.6C1107.4 399.8 1109.5 398.4 1115.5 403.9C1118.0 406.2 1120.4 408.0 1121.0 408.0C1121.6 408.0 1122.6 409.1 1123.2 410.5C1124.3 412.9 1124.7 413.0 1133.7 413.0C1138.9 413.0 1144.0 413.4 1145.0 414.0C1146.0 414.5 1153.9 415.0 1162.6 415.1C1171.4 415.2 1182.1 415.8 1186.5 416.6C1190.9 417.3 1202.6 418.2 1212.4 418.5C1222.3 418.8 1232.2 419.5 1234.4 419.9C1236.7 420.4 1245.4 420.8 1253.8 420.9C1262.2 421.0 1271.0 421.4 1273.3 421.9C1275.6 422.5 1280.9 422.9 1285.0 422.8C1289.1 422.8 1293.0 422.9 1293.5 423.0C1295.8 423.5 1295.9 422.9 1293.9 420.9C1292.4 419.4 1291.5 419.1 1290.7 419.9C1288.3 422.3 1270.0 420.6 1257.1 416.8C1251.8 415.2 1249.1 412.0 1251.5 410.0C1252.9 408.9 1253.2 409.0 1253.7 410.8C1254.0 412.1 1255.3 413.3 1256.9 413.6C1258.3 413.9 1260.6 414.6 1262.0 415.0C1266.3 416.5 1279.3 418.2 1284.0 417.8L1288.5 417.5L1285.2 415.7C1279.5 412.6 1282.0 407.3 1288.3 409.1C1290.0 409.6 1292.3 410.9 1293.5 412.0C1294.7 413.1 1299.0 415.6 1303.0 417.5C1308.5 420.2 1310.1 421.4 1309.6 422.6C1309.1 423.8 1309.4 424.1 1310.5 423.6C1311.4 423.3 1317.6 423.5 1324.3 424.0C1344.9 425.8 1358.8 426.7 1375.0 427.5C1380.8 427.7 1387.1 428.2 1389.0 428.5C1391.6 428.9 1392.1 428.8 1391.0 428.1C1390.2 427.5 1388.1 427.0 1386.4 427.0C1382.7 427.0 1379.6 425.5 1375.8 421.9C1371.9 418.2 1366.7 417.0 1354.9 416.9C1349.2 416.9 1341.1 416.3 1336.8 415.6C1328.9 414.3 1322.4 414.5 1321.4 416.1C1320.6 417.4 1317.2 417.2 1314.7 415.8C1313.5 415.1 1309.8 414.5 1306.5 414.4C1299.1 414.2 1299.5 414.3 1300.9 412.6C1302.4 410.8 1328.2 411.1 1339.5 412.9C1343.3 413.6 1351.2 413.9 1357.0 413.8L1367.5 413.5L1350.5 412.2C1330.1 410.5 1319.9 410.0 1306.0 409.6C1290.9 409.3 1283.3 406.9 1284.3 403.0C1284.9 400.7 1282.9 400.4 1256.0 399.0C1244.7 398.4 1234.2 397.5 1232.6 396.9C1231.0 396.4 1226.7 396.0 1223.1 396.0C1219.5 396.0 1214.7 395.5 1212.5 395.0C1210.3 394.5 1205.3 394.1 1201.5 394.1C1188.1 394.3 1186.5 394.2 1180.6 393.1C1173.0 391.6 1171.5 392.2 1176.5 394.7C1179.1 396.0 1184.5 397.1 1192.0 397.9C1198.3 398.6 1203.9 399.5 1204.4 400.0C1206.2 401.8 1202.1 402.2 1193.3 401.1C1179.6 399.5 1177.7 399.4 1177.3 400.7C1177.0 401.5 1178.6 401.9 1182.2 401.9C1185.1 401.9 1191.8 402.4 1197.0 402.9C1202.8 403.5 1208.0 403.6 1210.4 403.0C1213.2 402.4 1215.5 402.5 1218.4 403.6C1220.7 404.3 1224.3 405.0 1226.6 405.0C1231.7 405.0 1234.9 407.0 1232.7 408.9C1231.7 409.7 1231.0 409.8 1230.5 409.0C1230.2 408.5 1227.9 408.0 1225.6 408.0C1223.2 408.0 1219.8 407.4 1218.0 406.7C1215.8 405.7 1213.5 405.6 1210.7 406.1C1208.4 406.5 1202.2 406.4 1197.0 405.9C1191.8 405.4 1185.3 404.9 1182.5 404.9C1179.8 404.8 1176.7 404.4 1175.8 403.9C1173.8 402.8 1173.4 399.5 1175.1 398.4C1175.9 397.9 1175.9 397.5 1175.0 397.0C1174.2 396.5 1172.9 397.2 1171.6 398.7C1169.6 400.9 1169.2 401.0 1165.0 400.1C1162.5 399.5 1157.7 399.0 1154.2 399.0C1150.7 399.0 1147.0 398.5 1145.9 398.0C1144.7 397.3 1143.4 397.3 1142.4 397.8C1141.0 398.6 1136.5 397.9 1127.2 395.4C1123.8 394.5 1127.5 392.8 1131.4 393.5C1133.6 393.9 1138.0 394.4 1141.0 394.6C1151.7 395.3 1164.5 396.7 1166.7 397.4C1169.5 398.3 1170.2 396.9 1168.8 393.8C1167.5 391.1 1165.6 390.9 1137.7 389.4C1131.1 389.1 1130.4 388.8 1132.3 387.1C1134.1 385.7 1164.1 387.4 1177.5 389.7C1182.5 390.5 1188.1 391.2 1190.0 391.2C1191.9 391.2 1196.7 391.1 1200.5 391.1C1204.4 391.0 1210.0 391.4 1212.9 392.0C1215.9 392.5 1221.2 393.0 1224.7 393.0C1228.2 393.0 1231.9 393.4 1232.8 393.9C1233.7 394.4 1244.4 395.3 1256.5 395.9C1268.6 396.6 1283.4 397.8 1289.4 398.5C1297.1 399.5 1300.8 399.6 1302.2 398.9C1303.6 398.2 1306.2 398.2 1310.8 398.9C1314.5 399.5 1320.4 400.2 1324.0 400.5C1337.9 401.7 1343.0 402.6 1345.0 404.5C1347.7 407.0 1346.0 408.7 1342.9 406.7C1340.6 405.3 1334.8 404.4 1322.5 403.4C1319.2 403.2 1314.1 402.5 1311.1 402.0C1304.5 400.8 1303.9 401.2 1308.3 403.7C1312.1 406.0 1318.8 407.3 1327.5 407.5C1330.8 407.6 1342.3 408.4 1353.0 409.2C1363.7 410.1 1373.4 410.8 1374.5 410.8C1375.6 410.9 1381.0 411.4 1386.5 412.0C1397.4 413.1 1404.7 413.3 1418.3 412.7C1423.1 412.5 1427.3 412.7 1427.6 413.1C1428.5 414.7 1425.2 415.5 1416.2 415.7C1411.1 415.8 1406.6 416.1 1406.2 416.3C1405.6 416.7 1378.3 414.6 1375.5 414.0C1375.0 413.9 1372.9 413.8 1371.0 413.9L1367.5 414.0L1371.5 415.9C1373.8 416.9 1376.9 418.9 1378.5 420.4C1380.1 421.8 1382.3 423.2 1383.4 423.4C1391.8 425.0 1393.5 425.6 1393.4 427.3C1393.3 428.5 1394.0 429.0 1396.0 429.0C1398.8 429.0 1401.5 431.1 1400.3 432.3C1400.0 432.7 1399.4 432.9 1399.1 432.9C1398.8 432.8 1395.3 432.4 1391.5 431.9Z
M745.6 426.4C748.5 425.7 752.4 424.0 754.3 422.7C756.2 421.4 759.9 419.7 762.5 419.0C766.7 417.8 769.1 415.8 767.8 414.4C767.0 413.7 760.0 416.9 755.2 420.1C752.3 422.0 749.6 423.0 747.1 423.0C740.2 423.0 734.3 425.7 733.8 429.1L733.3 432.0L736.9 429.9C738.9 428.7 742.8 427.2 745.6 426.4Z
M839.8 428.8C841.8 427.6 845.0 426.5 847.0 426.4C851.7 426.2 855.6 424.2 854.1 422.7C853.5 422.1 852.6 422.0 851.8 422.6C851.1 423.2 848.0 424.4 845.0 425.4C836.6 428.2 834.1 429.3 834.6 430.2C835.3 431.4 835.9 431.2 839.8 428.8Z
M798.1 428.0C799.1 428.0 800.8 426.4 802.0 424.5C803.2 422.6 805.4 420.3 806.8 419.4C808.6 418.4 808.8 418.1 807.5 418.4C806.4 418.7 803.2 419.4 800.5 420.0C797.8 420.5 794.1 421.4 792.5 422.0C789.4 423.0 790.3 423.0 799.2 421.7C802.8 421.2 801.0 423.5 796.7 425.0C792.8 426.4 792.3 426.8 793.2 428.4C793.9 429.7 794.5 429.9 795.3 429.1C795.9 428.5 797.2 428.0 798.1 428.0Z
M920.5 429.0C919.9 428.0 923.9 426.0 926.4 426.0C927.1 426.0 934.4 420.6 942.5 414.0C952.8 405.6 957.6 402.2 958.4 403.0C959.0 403.6 959.0 404.3 958.5 404.8C957.9 405.3 952.5 409.7 946.5 414.5C940.5 419.4 934.5 424.4 933.4 425.6C930.3 428.9 921.8 431.1 920.5 429.0Z
M907.6 427.1C907.3 426.6 909.8 424.6 913.3 422.6C916.7 420.6 923.2 415.4 927.7 411.1C935.3 403.9 936.4 403.2 940.7 402.8C946.6 402.2 948.1 403.3 944.4 405.4C942.8 406.2 941.9 406.9 942.4 407.0C942.9 407.0 942.6 407.8 941.9 408.7C941.1 409.7 942.8 408.4 945.7 405.9C951.7 400.6 957.1 397.7 960.3 398.2C963.3 398.6 962.7 400.4 959.3 401.1C955.2 401.9 952.5 403.6 946.7 408.8C938.3 416.4 926.1 425.2 925.0 424.5C924.4 424.1 923.3 424.3 922.5 425.0C921.0 426.2 919.4 424.7 920.5 423.0C921.5 421.4 920.3 421.8 915.2 425.0C910.0 428.1 908.5 428.6 907.6 427.1Z
M835.4 423.0C834.8 420.5 835.4 419.8 840.9 415.9C844.2 413.6 846.8 411.4 846.5 411.2C846.3 410.9 843.6 412.7 840.5 415.1C837.5 417.5 833.5 420.5 831.7 421.8C827.3 424.9 827.4 425.5 832.0 425.6C835.8 425.8 835.9 425.7 835.4 423.0Z
M845.1 422.3C851.3 420.1 859.3 412.4 857.0 411.0C856.2 410.5 854.1 410.1 852.5 410.1C849.7 410.1 849.7 410.2 851.8 411.0C856.1 412.8 853.4 416.8 845.2 420.7C842.9 421.8 840.7 422.4 840.4 421.9C839.6 420.5 838.0 420.9 838.0 422.5C838.0 424.4 839.1 424.4 845.1 422.3Z
M1304.1 421.5C1298.8 418.4 1293.3 416.8 1296.4 419.2C1297.4 420.0 1298.0 421.2 1297.6 421.8C1297.2 422.5 1298.5 423.0 1301.2 423.3C1303.6 423.5 1306.2 423.7 1307.0 423.8C1307.8 423.9 1306.5 422.9 1304.1 421.5Z
M739.7 421.0C743.3 419.9 743.6 419.5 743.8 416.2L744.0 412.5L742.7 415.4C742.0 417.0 739.6 419.2 737.0 420.7C734.5 422.0 733.2 422.9 734.1 422.6C735.1 422.4 737.5 421.6 739.7 421.0Z
M860.3 420.4C861.8 418.7 863.8 417.7 866.3 417.5C870.4 417.1 879.8 414.3 881.6 412.9C882.3 412.3 883.7 412.3 885.1 412.8C887.5 413.7 892.1 412.0 898.1 407.9C899.8 406.7 901.0 406.4 901.7 407.1C902.4 407.8 903.6 407.7 905.3 406.9C908.7 405.4 908.7 404.2 905.5 403.0C904.1 402.5 903.0 401.5 903.0 400.9C903.0 400.2 902.7 400.0 902.2 400.4C901.8 400.8 901.5 401.7 901.5 402.3C901.5 404.4 890.1 411.5 888.8 410.2C888.0 409.4 888.6 408.6 891.4 407.0C894.7 405.0 896.1 403.6 894.2 404.2C893.8 404.4 893.3 404.1 893.1 403.5C892.9 402.9 895.3 401.0 898.4 399.3C903.9 396.2 904.2 396.1 904.7 398.0C905.0 399.1 906.0 400.0 907.0 400.0C909.3 400.0 911.4 402.6 910.6 404.5C910.3 405.3 910.5 406.0 911.0 406.0C911.6 406.0 912.0 405.6 912.0 405.1C912.0 404.5 916.0 401.2 920.8 397.5C925.6 393.9 930.4 389.7 931.3 388.1C933.3 384.6 945.3 379.9 947.3 381.9C948.4 383.0 947.0 383.7 939.4 386.0C937.2 386.7 934.8 388.1 934.1 389.2C932.9 391.1 933.0 391.1 936.0 389.0C938.0 387.6 939.5 387.1 940.1 387.7C940.7 388.3 938.1 391.2 933.0 395.5C924.5 402.6 923.6 404.4 929.7 401.6C931.8 400.7 935.8 399.5 938.5 398.9C949.2 396.7 950.6 396.3 953.2 394.6C954.9 393.5 956.7 393.1 958.1 393.5C959.4 393.9 960.0 393.8 959.6 393.2C959.3 392.7 962.2 389.9 966.1 387.0C975.7 379.8 985.1 371.0 984.4 369.8C983.6 368.6 977.3 369.6 974.5 371.4C973.4 372.1 970.9 373.0 969.0 373.3C960.6 374.7 952.3 376.8 949.5 378.3C947.8 379.1 943.1 380.5 939.1 381.3C935.0 382.2 931.3 383.3 930.7 383.9C930.1 384.5 928.2 385.0 926.6 385.0C924.9 385.0 922.1 385.9 920.5 387.0C918.9 388.1 915.9 389.0 914.0 389.0C912.1 389.1 909.4 389.7 908.0 390.5C906.6 391.3 904.6 391.9 903.5 392.0C902.4 392.0 900.3 392.6 898.8 393.4C897.4 394.2 893.8 395.1 890.8 395.5C887.9 395.9 884.6 396.9 883.5 397.6C882.4 398.4 880.6 399.0 879.3 399.0C878.1 399.0 876.8 399.4 876.5 400.0C876.2 400.6 874.7 401.0 873.2 401.0C871.7 401.0 869.4 401.3 868.0 401.7L865.5 402.4L867.8 402.9C870.8 403.7 870.8 405.4 867.8 405.8C863.7 406.3 861.0 408.2 861.0 410.6C861.0 411.9 859.7 414.4 858.1 416.2C855.8 418.9 855.5 419.8 856.4 421.2C857.8 423.5 857.7 423.5 860.3 420.4Z
M941.6 421.1C941.0 420.1 943.7 417.5 948.4 414.6C950.2 413.4 955.9 408.7 960.9 404.0C965.9 399.3 971.0 395.1 972.1 394.6C973.2 394.1 973.9 393.1 973.6 392.4C973.0 391.0 975.3 388.7 976.3 389.7C978.2 391.6 976.8 394.9 972.9 397.4C970.7 398.9 965.4 403.4 961.2 407.4C954.5 413.6 943.9 422.0 942.6 422.0C942.3 422.0 941.9 421.6 941.6 421.1Z
M939.7 410.7C940.6 409.3 935.4 413.2 930.2 417.8C927.9 419.9 928.8 419.4 932.7 416.5C936.1 414.0 939.3 411.4 939.7 410.7Z
M825.7 414.6C826.7 413.7 822.7 413.9 816.8 415.1C808.6 416.8 809.1 417.8 817.5 416.5C821.6 415.8 825.3 415.0 825.7 414.6Z
M977.0 413.6C979.3 412.1 981.2 411.4 981.5 412.0C982.6 413.8 984.7 413.0 988.6 409.1C990.7 407.0 997.0 401.5 1002.5 397.0C1008.0 392.4 1012.9 388.4 1013.3 388.0C1014.9 386.6 1006.5 388.7 1002.8 390.6C1000.8 391.6 995.6 395.7 991.3 399.6C979.7 410.1 972.1 415.5 970.9 414.3C970.1 413.5 972.1 411.5 977.3 407.7C981.4 404.6 985.1 401.7 985.5 401.1C986.9 398.8 970.4 412.0 968.3 414.8L966.1 417.8L969.6 417.0C971.5 416.5 974.9 415.0 977.0 413.6Z
M1292.8 414.5C1291.8 413.4 1285.0 411.1 1285.0 411.7C1285.0 412.9 1292.5 416.7 1292.9 415.7C1293.0 415.3 1293.0 414.7 1292.8 414.5Z
M1151.2 413.3C1149.7 413.0 1148.5 411.8 1147.9 410.0C1145.8 404.2 1139.9 401.5 1128.9 401.4C1123.6 401.3 1118.6 400.9 1117.9 400.4C1117.2 400.0 1113.2 399.5 1109.1 399.3C1095.3 398.8 1093.0 398.1 1097.0 396.0C1098.6 395.2 1100.0 395.1 1102.2 395.9C1103.9 396.5 1106.9 396.7 1108.9 396.4C1111.0 396.1 1114.7 396.4 1117.6 397.3C1120.7 398.2 1124.0 398.5 1126.5 398.1C1134.7 396.7 1150.0 402.9 1150.0 407.6C1150.0 410.2 1153.5 411.0 1154.9 408.8C1155.7 407.4 1156.5 407.1 1157.2 407.8C1158.2 408.8 1155.5 414.2 1154.1 413.9C1153.8 413.8 1152.5 413.5 1151.2 413.3Z
M936.5 409.0C938.6 407.4 939.7 406.0 939.0 406.0C937.4 406.0 932.0 409.9 932.0 411.1C932.0 412.5 932.4 412.3 936.5 409.0Z
M998.1 410.3C998.9 409.4 1000.6 408.2 1002.0 407.6C1006.9 405.4 1023.4 392.4 1034.0 382.4C1037.1 379.4 1033.2 381.2 1028.8 384.8C1026.3 386.8 1017.6 393.7 1009.6 400.0C1001.6 406.3 995.0 411.5 995.0 411.7C995.0 412.6 996.9 411.8 998.1 410.3Z
M1438.1 409.7C1436.8 408.1 1437.6 406.9 1439.6 407.7C1440.4 408.0 1441.0 407.8 1441.0 407.2C1441.0 406.6 1443.2 404.6 1446.0 402.6C1450.5 399.4 1452.0 398.9 1460.7 397.9C1472.0 396.7 1471.7 396.8 1469.7 393.7C1468.2 391.4 1466.2 389.4 1456.9 380.5C1450.8 374.7 1449.6 372.6 1451.0 370.0C1452.3 367.6 1454.2 368.3 1453.8 371.0C1453.3 374.0 1461.8 382.4 1463.7 380.8C1466.3 378.7 1467.8 373.7 1466.7 371.2C1465.9 369.4 1466.0 368.2 1467.3 366.1C1469.8 361.8 1467.9 356.0 1464.1 356.0C1460.9 356.0 1458.6 353.6 1460.3 352.1C1461.3 351.3 1462.0 351.2 1462.5 352.0C1462.8 352.5 1463.9 353.0 1464.9 353.0C1467.8 353.0 1471.3 357.6 1471.4 361.4C1471.5 364.7 1472.0 364.9 1474.8 362.7C1475.8 361.9 1475.8 361.4 1474.6 360.1C1470.7 355.7 1472.1 350.7 1476.8 352.5C1478.4 353.1 1478.4 353.2 1476.7 354.4C1475.1 355.7 1475.1 355.8 1476.9 358.1C1478.1 359.6 1478.6 361.5 1478.3 363.1C1477.7 366.3 1480.4 368.7 1485.0 369.2C1489.8 369.6 1489.4 371.4 1484.4 371.8C1480.8 372.1 1479.9 371.7 1477.6 368.9C1475.6 366.5 1474.6 366.0 1473.7 366.9C1473.1 367.5 1471.8 368.0 1470.8 368.0C1468.7 368.0 1468.6 368.4 1470.0 371.0C1471.2 373.2 1469.6 378.5 1466.8 381.6C1463.3 385.6 1466.7 385.0 1471.3 381.0C1473.8 378.8 1476.1 377.4 1476.4 377.9C1477.5 379.6 1475.8 382.0 1471.9 384.3L1468.0 386.7L1471.0 390.5C1472.6 392.6 1474.0 394.7 1474.0 395.1C1474.0 396.9 1477.8 395.9 1479.2 393.8C1481.0 391.1 1483.5 392.2 1482.0 395.0C1480.6 397.6 1477.7 399.1 1473.2 399.5C1451.2 401.8 1448.2 402.7 1442.4 409.1C1440.4 411.4 1439.6 411.5 1438.1 409.7Z
M1429.7 409.3C1429.3 409.0 1417.5 408.6 1403.3 408.4C1388.2 408.2 1376.2 407.5 1374.2 406.9C1372.3 406.3 1369.6 406.0 1368.2 406.3C1364.3 407.0 1345.9 404.7 1346.0 403.5C1346.0 402.4 1350.9 402.4 1365.0 403.4C1370.2 403.8 1381.0 404.3 1389.1 404.5C1419.1 405.4 1429.5 406.1 1430.8 407.4C1431.6 408.2 1431.8 409.0 1431.2 409.4C1430.7 409.7 1430.0 409.7 1429.7 409.3Z
M1275.4 408.0C1274.9 407.5 1270.7 406.9 1266.0 406.6C1261.3 406.3 1254.1 405.6 1250.0 405.0C1245.9 404.4 1240.4 403.8 1237.8 403.7C1232.9 403.5 1229.2 401.1 1230.5 399.0C1231.0 398.2 1231.6 398.2 1232.7 399.2C1233.6 399.9 1236.4 400.6 1238.9 400.7C1241.4 400.8 1246.7 401.3 1250.5 401.9C1254.3 402.6 1261.2 403.2 1265.7 403.4C1270.2 403.7 1274.8 404.4 1276.0 405.0C1277.2 405.6 1279.2 405.9 1280.5 405.6C1283.5 404.8 1284.7 406.6 1282.1 407.9C1279.6 409.3 1276.7 409.3 1275.4 408.0Z
M859.0 407.0C859.0 406.4 860.1 405.5 861.5 404.8C865.3 403.1 863.4 401.9 859.5 403.6C857.6 404.4 854.7 405.0 853.1 405.0C848.8 405.0 848.4 406.7 852.7 406.8C854.7 406.9 856.5 407.2 856.8 407.5C857.7 408.4 859.0 408.1 859.0 407.0Z
M1306.2 405.9C1305.0 405.4 1303.7 404.4 1303.4 403.7C1303.1 402.7 1301.0 402.3 1296.7 402.3C1293.3 402.2 1289.4 401.9 1288.0 401.5L1285.5 400.7L1287.6 402.9C1288.7 404.1 1291.1 405.3 1293.0 405.5C1294.8 405.8 1296.5 406.2 1296.8 406.5C1297.1 406.7 1299.8 406.9 1302.9 406.9C1307.1 406.8 1307.9 406.5 1306.2 405.9Z
M784.5 405.0C783.9 404.0 799.7 396.0 802.3 396.0C803.1 396.0 804.9 395.1 806.3 394.0C807.7 392.9 809.2 392.0 809.7 392.0C810.1 392.0 812.2 391.1 814.3 390.0C817.9 388.1 820.7 388.1 819.5 390.0C819.2 390.5 816.4 392.2 813.2 393.7C810.1 395.3 806.6 397.1 805.5 397.8C804.4 398.4 802.4 399.1 801.0 399.4C799.6 399.7 797.6 400.6 796.5 401.5C794.6 403.0 794.7 403.1 797.9 402.4C802.6 401.5 812.9 396.5 814.4 394.4C815.9 392.4 818.4 393.4 817.6 395.7C817.2 396.7 817.6 397.1 819.3 396.8C820.9 396.6 821.4 395.9 821.2 394.3C821.0 392.8 821.7 391.6 823.4 390.4C826.6 388.4 826.8 386.0 823.8 385.9C821.5 385.7 819.4 385.5 817.5 385.1C817.0 385.0 817.4 384.3 818.4 383.5C819.5 382.7 819.9 382.0 819.4 382.0C818.8 382.0 817.5 382.7 816.4 383.5C815.4 384.3 813.4 385.0 812.1 385.0C810.7 385.0 808.9 385.7 807.9 386.6C805.6 388.7 803.3 387.8 801.9 384.4C801.1 382.0 801.3 381.3 803.7 378.8C805.5 376.9 806.4 375.0 806.2 373.5C805.9 371.5 807.2 369.7 809.0 369.5C815.8 368.6 826.6 365.2 828.1 363.4C828.7 362.6 830.0 362.0 831.0 362.0C832.0 362.0 833.3 361.3 834.0 360.5C834.9 359.4 835.6 359.3 836.6 360.1C837.5 360.9 839.5 360.4 844.2 358.1C847.6 356.4 851.1 355.0 851.8 355.0C852.5 355.0 855.3 353.9 858.1 352.5C861.4 350.8 864.2 350.1 866.1 350.4C869.5 350.9 870.6 349.8 868.4 347.9C867.1 346.9 866.3 346.9 863.7 347.9C861.9 348.6 857.7 350.2 854.4 351.4C851.0 352.6 846.1 355.1 843.4 356.8C838.4 360.2 837.4 360.5 836.6 359.2C835.8 357.9 846.1 351.4 852.9 349.0C856.2 347.7 859.0 346.6 859.0 346.3C859.0 345.2 847.2 349.5 843.0 352.1C842.2 352.6 840.3 353.5 838.8 354.1C837.3 354.7 836.2 355.7 836.3 356.3C836.4 356.9 834.7 358.2 832.5 359.3C830.3 360.4 827.4 362.1 826.1 363.1C824.4 364.5 823.4 364.7 822.5 364.0C821.6 363.3 820.3 363.3 818.4 364.1C816.8 364.7 810.0 367.2 803.2 369.5C796.4 371.9 790.6 374.1 790.3 374.4C789.4 375.2 796.1 373.9 798.2 372.9C803.0 370.4 806.8 373.4 803.5 377.0C800.9 379.8 795.2 383.1 794.5 382.0C794.2 381.5 792.3 382.7 790.2 384.6C788.2 386.4 786.0 388.0 785.5 388.0C785.0 388.0 784.4 389.1 784.4 390.4C784.2 393.1 789.3 394.7 791.7 392.8C792.6 392.1 793.2 392.3 793.6 393.4C794.6 395.9 793.4 396.5 786.7 396.6C780.2 396.7 771.2 398.4 769.8 399.8C769.3 400.3 770.2 400.5 771.9 400.2C773.5 400.0 775.1 400.3 775.4 400.9C775.8 401.5 776.9 402.0 777.9 402.0C779.0 402.0 780.8 402.9 782.1 404.0C784.8 406.2 785.4 406.4 784.5 405.0Z
M919.5 403.8C921.4 402.5 923.2 400.9 923.5 400.2C923.7 399.5 921.9 400.3 919.5 402.0C915.3 404.9 914.2 406.0 915.5 406.0C915.8 406.0 917.6 405.0 919.5 403.8Z
M991.1 393.6C991.6 393.9 991.7 394.7 991.3 395.3C990.9 396.0 992.4 394.9 994.6 393.0C996.7 391.1 1000.6 388.4 1003.2 387.0C1005.9 385.6 1008.0 384.1 1008.0 383.7C1008.0 383.2 1006.0 384.0 1003.6 385.4C1001.1 386.8 998.5 388.0 997.7 388.0C996.9 388.0 996.0 388.9 995.7 390.0C995.4 391.3 994.3 392.0 992.8 392.0C989.7 392.0 983.7 395.8 980.8 399.5C979.0 401.9 979.7 401.5 984.3 397.7C987.6 395.1 990.6 393.3 991.1 393.6Z
M1352.2 400.9C1350.2 400.2 1350.1 399.7 1351.0 397.9C1352.1 396.0 1352.3 396.0 1353.9 397.4C1356.3 399.6 1361.6 399.5 1362.5 397.2C1363.1 395.6 1363.2 395.6 1364.6 397.4C1367.6 401.6 1368.2 398.0 1367.1 383.3C1366.5 375.6 1366.0 361.8 1366.0 352.6C1366.0 343.3 1365.6 335.0 1365.0 334.0C1363.6 331.4 1365.9 330.1 1367.7 332.5C1368.7 333.9 1369.0 339.0 1369.0 352.9C1369.1 363.1 1369.5 376.0 1370.1 381.5C1371.9 400.5 1371.4 401.7 1361.3 401.8C1357.6 401.8 1353.5 401.4 1352.2 400.9Z
M868.4 398.9C878.6 396.2 883.0 394.7 883.6 393.9C883.9 393.4 885.7 393.0 887.6 393.0C889.8 393.0 891.0 392.5 891.0 391.6C891.0 390.8 893.2 388.6 895.9 386.7C899.9 383.8 900.7 382.8 900.3 380.7C899.9 378.8 900.4 377.8 902.2 376.7C905.8 374.3 921.1 369.0 924.4 368.9C926.1 368.9 929.5 368.0 932.0 366.9C934.5 365.8 935.4 365.2 934.0 365.6C932.6 366.0 929.2 366.4 926.5 366.5C923.7 366.6 919.7 367.6 917.5 368.7C915.3 369.8 910.9 371.5 907.8 372.4C904.7 373.3 901.8 374.5 901.5 375.0C901.2 375.6 900.1 376.0 899.2 376.0C898.3 376.0 896.2 376.7 894.6 377.5C893.1 378.3 890.6 379.0 889.1 379.0C887.7 379.1 884.7 379.8 882.5 380.7C880.3 381.5 875.6 383.3 872.0 384.6C868.4 385.8 866.3 386.9 867.3 386.9C871.5 387.1 870.1 392.7 865.0 395.7C859.3 399.0 861.2 400.8 868.4 398.9Z
M775.2 395.2C778.5 394.4 781.0 393.2 781.0 392.4C781.0 390.0 772.8 392.4 768.1 396.2C766.2 397.7 766.1 398.1 767.5 397.5C768.6 397.1 772.1 396.0 775.2 395.2Z
M831.0 397.0C831.5 397.0 832.0 396.0 832.2 394.8C832.4 393.5 832.9 392.7 833.4 393.0C833.9 393.3 834.7 392.5 835.1 391.2C835.7 389.6 838.6 387.6 844.5 384.9C852.5 381.1 857.0 377.8 857.0 375.7C857.0 375.1 856.5 375.2 855.8 375.7C855.1 376.3 850.7 378.0 846.0 379.5C832.0 384.0 830.2 385.0 829.1 388.2L828.0 391.2L830.9 388.1C833.9 384.9 835.5 384.3 836.5 386.0C836.8 386.5 836.1 387.5 835.0 388.2C832.1 389.9 826.3 398.5 828.5 397.6C829.4 397.3 830.5 397.0 831.0 397.0Z
M1450.3 391.8C1447.5 388.9 1444.2 384.9 1442.9 382.9C1440.3 378.9 1427.9 363.8 1417.6 352.0C1414.0 347.9 1408.9 341.8 1406.2 338.6C1403.6 335.3 1397.5 327.9 1392.5 322.2C1384.7 313.1 1379.7 307.1 1361.0 283.9C1359.0 281.5 1354.7 276.1 1351.5 272.0C1348.2 267.9 1341.9 260.4 1337.5 255.5C1333.1 250.6 1327.9 244.5 1326.0 242.0C1324.1 239.5 1316.7 230.5 1309.5 222.0C1292.2 201.4 1273.3 178.1 1269.2 172.3C1263.1 163.7 1263.0 163.7 1254.2 172.6C1249.9 177.0 1242.1 185.3 1236.9 191.1L1227.3 201.7L1227.7 214.3C1227.8 221.2 1227.6 227.1 1227.1 227.4C1226.1 228.1 1226.7 299.4 1227.9 313.0C1228.8 323.2 1228.5 324.7 1226.5 323.0C1225.7 322.3 1225.0 317.8 1224.6 309.7C1223.5 290.6 1223.1 228.1 1224.1 227.5C1224.5 227.2 1224.8 221.0 1224.7 213.7L1224.5 200.4L1234.0 189.9C1253.5 168.5 1261.0 161.4 1262.3 163.0C1263.0 163.8 1264.4 164.5 1265.5 164.5C1266.7 164.5 1268.7 166.4 1271.0 169.7C1272.9 172.5 1279.0 180.3 1284.5 187.0C1290.0 193.7 1295.4 200.5 1296.5 201.9C1298.8 205.1 1306.0 213.7 1314.6 223.5C1317.9 227.3 1324.3 235.0 1328.7 240.5C1333.1 246.1 1339.6 253.8 1343.1 257.7C1346.6 261.5 1353.5 269.8 1358.5 276.0C1380.9 304.2 1385.1 309.3 1394.5 320.2C1400.0 326.6 1407.0 334.8 1410.0 338.5C1413.0 342.1 1418.1 348.1 1421.3 351.8C1430.8 362.8 1442.3 376.9 1445.7 381.8C1447.5 384.3 1451.0 388.4 1453.5 391.0C1457.4 395.0 1458.3 397.0 1456.0 397.0C1455.7 397.0 1453.1 394.6 1450.3 391.8Z
M966.8 391.6C968.8 390.3 971.9 387.7 973.5 385.9L976.5 382.6L972.0 386.2C969.5 388.2 965.9 390.7 964.0 391.9C962.1 393.0 961.1 394.0 961.8 394.0C962.5 394.0 964.7 392.9 966.8 391.6Z
M987.0 390.8C988.9 390.0 991.3 389.0 992.2 388.7C993.2 388.3 994.0 387.5 994.0 386.9C994.0 386.2 993.2 386.3 991.6 387.3C990.3 388.2 987.8 389.3 985.9 389.7C984.1 390.2 982.4 391.2 982.2 391.9C981.9 392.7 982.1 393.1 982.6 392.8C983.1 392.6 985.1 391.7 987.0 390.8Z
M844.3 389.9C855.9 385.2 858.5 384.1 857.7 384.0C857.2 384.0 858.5 381.8 860.5 379.0C863.6 374.8 864.1 371.5 861.1 375.2C860.5 375.9 858.8 378.0 857.4 379.8C855.8 381.7 851.1 384.9 846.1 387.5C836.8 392.3 836.0 393.3 844.3 389.9Z
M901.5 389.4C905.4 388.0 910.6 386.5 913.2 386.1C915.8 385.7 918.7 384.7 919.7 383.8C920.7 383.0 922.1 382.5 922.8 382.7C923.4 383.0 924.0 382.5 924.0 381.7C924.0 380.0 933.2 373.0 935.4 373.0C936.2 373.0 937.2 373.5 937.5 374.1C938.0 374.8 939.1 374.4 940.6 372.9C941.9 371.7 942.7 370.3 942.4 369.8C942.1 369.4 942.7 368.7 943.7 368.4C944.7 368.1 947.7 366.7 950.3 365.3C953.9 363.4 955.4 363.1 956.4 364.0C957.5 364.8 959.1 364.0 963.6 360.0C967.2 356.9 970.9 354.6 973.4 354.0C975.7 353.5 979.4 352.4 981.6 351.6C984.6 350.6 986.1 350.5 986.9 351.3C987.6 352.0 988.4 351.9 989.7 350.8C991.8 348.9 997.5 346.0 1001.0 344.9L1003.5 344.2L1001.0 344.1C999.5 344.0 998.0 344.4 997.5 344.8C995.7 346.4 987.0 349.2 985.6 348.7C984.8 348.4 983.9 348.5 983.4 349.0C982.1 350.2 965.3 355.6 960.3 356.5C957.9 356.9 954.4 358.3 952.5 359.6C950.5 360.9 948.4 362.0 947.9 362.0C947.3 362.0 946.1 362.9 945.2 364.0C943.2 366.4 928.8 372.0 924.5 372.0C921.2 372.0 903.0 378.7 903.0 379.9C903.0 380.3 904.1 381.7 905.5 383.0C908.0 385.3 908.0 388.1 905.5 386.0C904.0 384.7 902.6 385.3 897.1 389.4C892.8 392.6 892.8 392.6 901.5 389.4Z
M991.2 384.1C992.6 383.2 998.3 378.8 1003.6 374.2C1011.3 367.7 1013.9 366.0 1015.7 366.5C1016.9 366.8 1018.2 366.5 1018.5 366.0C1018.9 365.4 1020.0 365.2 1021.1 365.5C1022.4 366.0 1023.0 365.7 1022.8 364.8C1022.6 364.1 1023.0 363.6 1023.6 363.7C1024.2 363.8 1026.4 364.1 1028.4 364.3C1033.7 364.8 1033.3 365.9 1025.3 372.0C1021.3 375.0 1018.3 377.6 1018.5 377.9C1018.8 378.1 1019.6 377.7 1020.4 377.1C1021.5 376.2 1022.4 376.1 1024.0 377.0C1025.7 377.9 1026.5 377.9 1027.8 376.8C1028.7 376.0 1032.0 374.1 1035.1 372.7C1038.2 371.2 1044.6 366.4 1049.6 361.9C1054.5 357.4 1060.2 352.3 1062.2 350.7C1064.3 349.0 1065.8 347.5 1065.6 347.2C1064.6 346.3 1057.1 351.7 1049.5 359.0C1037.5 370.4 1030.8 375.1 1029.5 373.0C1029.2 372.6 1031.8 370.2 1035.2 367.7C1038.7 365.2 1044.4 360.2 1048.0 356.6C1051.6 352.9 1056.0 349.0 1057.8 347.8C1060.1 346.4 1060.8 345.4 1060.1 344.7C1059.4 344.0 1058.5 344.1 1057.3 345.1C1055.6 346.6 1053.5 347.3 1042.0 350.5C1039.0 351.3 1035.2 352.9 1033.5 354.0C1031.8 355.1 1029.7 356.0 1028.8 356.0C1027.0 356.0 1026.5 357.1 1027.6 358.3C1028.0 358.6 1030.7 357.6 1033.8 355.9C1036.8 354.3 1040.1 353.0 1041.1 353.0C1042.1 353.0 1044.5 352.2 1046.5 351.3C1049.2 350.0 1050.3 349.9 1051.2 350.8C1052.5 352.1 1045.3 355.9 1041.6 356.0C1040.5 356.0 1037.3 357.3 1034.4 359.0C1031.5 360.6 1028.4 361.7 1027.5 361.4C1023.2 359.7 1011.8 365.2 1003.1 373.2C998.4 377.6 992.1 382.3 989.2 383.7C986.4 385.1 984.0 386.4 984.0 386.7C984.0 387.4 988.3 385.9 991.2 384.1Z
M1211.7 385.2C1208.8 382.1 1209.4 371.5 1212.6 367.3C1214.1 365.3 1214.9 363.2 1214.6 362.3C1214.2 361.4 1214.7 359.8 1215.7 358.8C1217.0 357.4 1217.5 354.7 1217.7 348.7C1218.1 339.5 1218.5 337.6 1220.0 338.5C1220.7 338.9 1221.0 342.4 1220.9 347.3C1220.7 351.8 1221.0 357.3 1221.4 359.6C1222.2 364.2 1220.5 366.6 1217.0 365.7C1215.9 365.4 1215.2 365.6 1215.6 366.1C1215.9 366.6 1215.4 368.0 1214.6 369.2C1212.8 371.8 1212.3 384.6 1214.0 383.5C1214.5 383.2 1215.0 381.1 1215.0 379.0C1215.0 374.3 1218.4 371.0 1220.8 373.3C1224.3 376.9 1223.1 385.4 1219.1 384.3C1218.2 384.1 1216.8 384.6 1216.1 385.4C1214.4 387.4 1213.7 387.4 1211.7 385.2Z
M811.0 377.3C813.5 375.5 817.5 372.9 820.0 371.5C822.7 369.9 823.5 369.1 822.0 369.5C816.3 370.9 813.5 371.8 814.3 371.9C814.7 372.0 814.6 372.9 814.0 374.0C812.8 376.3 810.5 375.7 811.4 373.3C811.8 372.4 811.5 372.0 810.8 372.3C810.1 372.5 809.6 373.6 809.8 374.6C809.9 375.7 808.8 377.8 807.1 379.4C805.2 381.2 804.4 382.8 804.8 383.9C805.3 385.2 805.5 385.0 806.0 383.1C806.3 381.7 808.6 379.1 811.0 377.3Z
M1002.6 382.4C1005.0 381.0 1007.3 379.3 1007.7 378.7C1008.1 377.9 1007.9 377.9 1006.8 378.7C1004.3 380.8 1003.8 378.8 1006.2 376.1C1007.5 374.8 1005.7 376.1 1002.2 379.0C998.8 382.0 996.0 384.6 996.0 384.7C996.0 385.6 998.7 384.7 1002.6 382.4Z
M832.0 380.2C831.5 380.0 829.3 380.4 827.3 381.1C824.2 382.1 823.9 382.4 825.5 383.0C826.6 383.4 828.6 383.0 830.2 382.1C831.7 381.2 832.5 380.4 832.0 380.2Z
M871.1 381.9C874.6 380.8 878.5 379.2 879.7 378.4C881.0 377.6 884.1 376.7 886.7 376.3C889.3 376.0 892.5 375.1 894.0 374.3C895.4 373.6 897.2 373.0 898.0 373.0C898.9 373.0 900.4 372.4 901.5 371.6C902.6 370.9 905.1 369.9 907.0 369.5C911.8 368.5 919.9 364.4 923.5 361.1C925.1 359.6 928.4 357.2 930.8 355.7C933.1 354.2 935.0 352.8 935.0 352.5C935.0 351.6 926.4 355.1 925.4 356.5C923.4 359.1 913.6 366.0 911.7 366.0C910.7 366.0 908.8 366.7 907.4 367.6C905.7 368.8 904.6 369.0 903.9 368.3C902.6 367.0 907.9 363.0 910.8 363.0C911.8 363.0 914.6 361.6 916.8 360.0C921.2 356.9 922.3 355.3 919.2 356.5C918.3 356.9 916.1 357.6 914.5 358.0C912.9 358.5 907.0 360.4 901.5 362.4C896.0 364.4 890.7 366.0 889.6 366.0C888.4 366.0 888.0 366.5 888.4 367.6C888.8 368.7 888.0 369.5 885.4 370.6C881.5 372.2 880.5 372.0 879.7 369.1C879.0 366.4 880.6 365.3 887.6 363.7C892.6 362.5 893.5 362.0 893.2 360.3C892.9 358.0 894.4 356.5 898.3 355.6C899.9 355.2 901.0 354.4 900.7 353.7C899.8 351.3 902.0 349.3 906.1 348.6C910.3 347.9 916.9 344.0 920.5 340.0C923.2 337.0 927.3 335.0 930.8 335.0C932.4 335.0 935.0 334.3 936.7 333.5C938.4 332.7 941.9 331.6 944.4 331.1C947.0 330.6 949.7 329.7 950.3 329.0C951.2 328.0 951.0 327.9 949.0 328.5C947.6 329.0 945.6 329.4 944.5 329.6C943.4 329.7 940.0 330.8 937.0 331.9C934.0 333.1 930.2 334.0 928.5 334.0C926.8 334.0 923.7 335.2 921.6 336.6C919.1 338.4 917.0 339.0 915.2 338.7C913.8 338.4 911.9 338.5 911.1 339.0C910.2 339.4 903.2 341.8 895.6 344.3C882.5 348.7 881.5 348.9 879.8 347.3C878.1 345.8 878.0 345.8 878.0 347.8C878.0 351.2 883.4 350.3 897.0 344.9C904.2 342.0 908.9 340.8 910.0 341.5C911.7 342.6 910.3 343.7 905.3 345.0C902.6 345.7 899.1 347.0 897.5 347.8C895.9 348.6 893.1 349.7 891.5 350.1C889.9 350.5 884.6 352.0 879.7 353.4L871.0 355.8L869.5 353.7L868.0 351.6L868.0 353.7C868.0 356.1 866.5 357.5 862.9 358.3C860.7 358.9 859.7 360.0 857.2 365.2C857.0 365.7 857.7 366.0 858.7 366.0C859.8 366.0 861.1 366.5 861.8 367.2C862.7 368.1 863.0 368.0 863.0 366.7C863.0 365.1 871.7 360.0 874.4 360.0C875.0 360.0 878.2 358.6 881.4 357.0C886.6 354.4 887.6 354.1 888.8 355.4C890.5 357.1 889.6 359.2 887.5 358.4C886.7 358.1 884.0 359.0 881.4 360.4C878.8 361.8 875.9 363.0 874.9 363.0C873.9 363.0 872.9 363.4 872.6 363.9C872.3 364.3 870.7 365.0 869.0 365.3C866.6 365.8 866.0 366.5 866.0 368.6C866.0 370.8 866.2 371.1 867.5 370.0C868.7 369.0 869.1 369.1 869.6 370.3C870.0 371.3 868.7 373.7 866.1 376.8C859.6 384.5 860.5 385.4 871.1 381.9Z
M815.7 380.9C816.4 380.2 819.3 379.3 822.2 378.9C825.1 378.4 827.7 377.5 827.9 376.9C828.1 376.2 829.6 374.4 831.1 372.7C834.0 369.7 835.2 366.8 832.7 368.9C831.9 369.5 829.5 370.6 827.3 371.4C825.1 372.2 821.3 374.1 819.0 375.7C816.6 377.2 813.6 379.3 812.1 380.2L809.5 382.0L812.0 382.0C813.5 382.0 815.1 381.5 815.7 380.9Z
M931.0 380.5C932.4 379.7 934.5 379.1 935.8 379.0C938.3 379.0 938.8 377.5 936.5 376.6C935.3 376.2 929.4 379.3 927.1 381.6C926.1 382.5 928.6 381.8 931.0 380.5Z
M1016.1 377.7C1015.4 377.0 1014.2 377.3 1012.6 378.4C1008.8 380.9 1009.5 382.2 1013.5 380.3C1015.7 379.2 1016.7 378.3 1016.1 377.7Z
M942.6 377.1C942.0 376.1 944.9 373.3 950.5 369.6C952.7 368.2 954.0 367.0 953.4 367.0C952.1 367.0 948.4 369.7 942.7 374.7C939.6 377.5 939.3 378.0 941.1 378.0C942.2 378.0 942.9 377.6 942.6 377.1Z
M836.0 375.5C837.4 374.7 839.9 374.0 841.5 374.0C843.1 373.9 843.8 373.6 843.0 373.3C842.2 373.0 840.5 371.9 839.4 370.8C837.3 368.9 835.1 369.8 836.5 372.0C836.8 372.5 836.0 373.5 834.6 374.2C833.2 374.8 832.0 375.7 832.0 376.2C832.0 377.3 833.1 377.2 836.0 375.5Z
M949.2 375.0C951.0 373.9 954.0 373.0 955.8 373.0C957.9 373.0 959.0 372.5 959.0 371.5C959.0 369.8 966.8 365.0 969.6 365.0C972.1 365.0 980.9 359.9 983.9 356.6C986.8 353.5 986.9 353.6 978.8 355.6C971.0 357.6 969.4 358.4 965.0 362.5C963.1 364.3 957.7 368.3 953.0 371.4C944.9 376.8 942.4 379.2 949.2 375.0Z
M765.6 375.1C765.2 374.5 765.4 373.2 766.2 372.3C766.9 371.4 767.5 370.4 767.5 370.1C767.5 369.5 768.0 369.4 771.6 369.2C772.7 369.1 774.5 368.3 775.6 367.5C777.4 366.1 777.3 366.1 774.6 367.0C768.6 369.2 769.6 366.2 775.8 363.1C783.1 359.4 782.4 359.5 784.4 362.4C785.9 364.8 785.9 364.9 781.2 367.8C778.6 369.4 774.7 371.3 772.5 372.0C770.3 372.7 768.0 374.0 767.4 374.8C766.6 375.9 766.1 376.0 765.6 375.1Z
M855.8 369.5C857.6 367.7 854.0 367.5 851.0 369.2L847.5 371.2L851.4 370.6C853.5 370.3 855.5 369.8 855.8 369.5Z
M1166.1 369.6C1165.2 368.5 1165.1 367.2 1165.9 364.3C1166.5 362.2 1167.1 359.4 1167.2 358.0C1167.4 356.5 1168.4 355.1 1169.8 354.5C1172.0 353.5 1172.0 353.2 1171.9 339.9C1171.8 332.4 1172.0 325.7 1172.4 325.1C1174.2 322.3 1174.8 326.0 1174.9 339.4C1175.0 353.4 1174.9 353.9 1172.6 355.7C1170.6 357.3 1168.8 362.8 1168.5 368.7C1168.4 370.7 1167.3 371.1 1166.1 369.6Z
M849.1 366.6C859.1 361.3 858.3 359.1 847.8 363.4C841.9 365.8 840.1 365.8 842.3 363.2C843.3 361.9 843.2 361.8 841.3 362.8C840.1 363.5 837.6 364.1 835.8 364.1C833.9 364.2 833.3 364.4 834.5 364.7C835.7 364.9 837.9 366.2 839.5 367.5C841.2 368.8 842.5 369.9 842.6 370.0C842.7 370.0 845.6 368.5 849.1 366.6Z
M973.4 368.4C974.7 367.6 978.2 366.7 981.2 366.6C986.8 366.2 991.0 364.4 991.0 362.3C991.0 361.7 992.2 360.2 993.8 359.0C995.3 357.8 996.5 356.3 996.5 355.7C996.5 355.0 997.4 354.5 998.5 354.5C1000.7 354.5 1010.8 348.2 1013.1 345.4C1014.7 343.4 1015.0 343.4 1005.5 346.6C996.6 349.5 993.8 351.1 987.6 356.9C980.3 363.7 976.0 366.4 970.2 367.9C967.9 368.6 966.0 369.3 966.0 369.5C966.0 370.6 971.3 369.9 973.4 368.4Z
M791.2 364.2C788.6 358.5 799.9 349.4 803.5 354.4C805.1 356.5 806.0 356.4 806.0 354.1C806.0 353.0 806.5 351.8 807.1 351.5C807.7 351.1 807.9 350.2 807.6 349.5C807.0 348.0 808.9 346.0 811.0 346.0C813.0 345.9 817.7 342.3 816.8 341.5C816.4 341.1 814.1 341.7 811.7 342.9C809.3 344.0 806.7 345.0 805.8 345.0C804.9 345.0 802.2 346.1 799.9 347.5C795.3 350.1 792.5 350.6 791.6 349.1C791.0 348.2 803.1 342.0 805.4 342.0C806.1 342.0 808.5 341.1 810.9 339.9C816.8 337.1 819.4 337.6 819.8 341.7C820.1 344.5 819.7 345.1 816.3 346.9L812.5 348.9L816.0 348.3C817.9 348.0 820.4 346.9 821.6 345.9C822.7 344.8 824.4 344.0 825.2 344.0C827.9 344.0 830.0 342.9 830.0 341.4C830.0 339.7 829.5 339.7 827.1 341.2C824.7 342.6 822.0 340.8 822.0 337.9C822.0 334.8 826.9 333.1 828.6 335.5C830.0 337.3 830.0 337.3 830.0 335.3C830.0 331.8 842.1 325.8 845.5 327.6C848.9 329.3 851.0 328.4 851.0 325.1C851.0 323.4 852.4 321.2 854.9 318.7C859.5 314.1 861.3 315.4 857.1 320.2C855.5 322.1 854.0 324.9 853.8 326.5C853.6 328.9 852.6 329.9 849.0 331.6C846.5 332.8 843.8 334.5 843.1 335.4C842.4 336.3 841.2 337.0 840.6 337.0C839.2 337.0 836.0 342.1 836.0 344.3C836.0 347.0 831.7 349.4 830.4 347.5C829.0 345.6 828.0 345.6 828.0 347.4C828.0 349.6 823.0 352.7 815.4 355.1C811.6 356.4 804.8 359.3 800.3 361.6C793.0 365.4 791.9 365.7 791.2 364.2Z
M933.4 362.5C936.1 361.7 939.1 360.3 940.0 359.5C941.3 358.3 942.3 358.2 944.3 358.9C946.4 359.7 947.3 359.5 949.2 357.8L951.5 355.8L948.9 357.3C946.4 358.8 945.0 358.6 945.0 356.9C945.0 356.5 947.6 354.7 950.8 352.9C953.9 351.1 959.1 347.3 962.2 344.3C965.3 341.4 969.1 338.5 970.6 338.0C972.1 337.4 973.0 336.7 972.7 336.4C972.4 336.0 970.0 336.8 967.5 338.0C958.3 342.4 958.9 336.3 968.3 330.1C974.4 326.1 971.2 324.6 963.7 327.9C961.4 329.0 957.9 330.2 956.0 330.5C954.1 330.9 951.6 331.8 950.5 332.4C949.4 333.1 946.6 333.9 944.2 334.3C941.9 334.6 938.7 335.6 937.2 336.6C935.6 337.7 933.1 338.3 930.9 338.1C927.9 337.9 926.5 338.6 922.4 342.2C916.0 347.9 911.4 350.7 906.7 351.5C904.7 351.9 902.7 352.7 902.3 353.3C901.5 354.7 907.1 353.5 911.6 351.4C913.5 350.5 915.9 349.6 916.8 349.6C920.8 349.2 927.1 346.8 927.7 345.4C928.0 344.6 930.5 342.8 933.4 341.4C936.2 340.0 939.9 338.0 941.7 336.9C943.4 335.8 945.1 335.3 945.4 335.8C946.1 337.0 942.5 340.2 937.5 342.9C935.3 344.1 934.4 344.8 935.5 344.4C936.6 344.1 939.1 343.4 941.0 343.0C942.9 342.6 946.6 341.4 949.1 340.5C954.8 338.2 957.3 339.0 956.8 342.7C956.5 345.2 955.7 345.7 948.8 348.0C944.5 349.4 941.0 351.0 941.0 351.6C941.0 352.6 930.0 360.3 926.8 361.5C925.8 361.9 925.0 362.6 925.0 363.1C925.0 364.4 927.8 364.2 933.4 362.5Z
M801.5 357.0C802.4 355.5 800.5 355.8 797.1 357.8C792.4 360.4 792.3 362.4 797.0 360.0C799.1 358.9 801.1 357.6 801.5 357.0Z
M905.8 357.8C908.7 356.7 911.0 355.6 910.8 355.5C910.1 354.8 896.0 359.3 896.0 360.2C896.0 361.2 897.7 360.8 905.8 357.8Z
M1011.0 357.8C1017.1 355.1 1021.4 353.8 1026.0 353.1C1028.5 352.7 1031.6 351.7 1033.0 350.8C1034.4 349.9 1038.2 348.5 1041.5 347.6C1052.4 344.5 1054.5 343.8 1056.2 342.3C1057.2 341.4 1059.0 341.0 1060.5 341.2C1062.4 341.6 1063.0 341.4 1062.6 340.4C1062.3 339.7 1064.1 337.3 1066.8 335.1C1079.7 324.1 1085.8 319.2 1088.5 317.8L1091.4 316.2L1087.4 316.6C1085.3 316.7 1081.7 317.6 1079.5 318.4C1075.3 320.0 1070.8 320.4 1069.7 319.4C1068.9 318.6 1073.2 314.3 1078.5 310.7C1083.9 307.0 1089.9 301.7 1087.9 302.3C1087.0 302.6 1081.7 306.6 1076.1 311.2C1062.6 322.1 1055.3 327.0 1052.1 327.0C1050.6 327.0 1047.7 327.9 1045.5 329.0C1041.2 331.2 1039.4 331.5 1038.5 330.1C1037.9 329.0 1048.4 324.0 1051.4 324.0C1053.5 324.0 1064.9 317.8 1066.0 316.1C1066.3 315.6 1071.0 311.6 1076.5 307.1C1081.9 302.6 1087.1 297.9 1087.9 296.7C1088.8 295.4 1087.5 296.1 1084.9 298.3C1082.5 300.4 1078.1 304.0 1075.1 306.3C1072.2 308.6 1067.3 312.6 1064.3 315.2C1061.2 317.8 1058.3 319.7 1057.7 319.3C1056.6 318.6 1062.9 312.6 1073.9 303.7C1082.2 297.0 1082.5 295.7 1074.8 299.3C1071.9 300.7 1067.2 302.1 1064.5 302.5C1061.8 302.9 1058.4 304.0 1057.0 304.9C1051.5 308.8 1048.4 310.0 1046.9 308.7C1046.2 308.0 1046.3 308.4 1047.3 309.6C1048.2 310.7 1048.7 312.0 1048.4 312.3C1048.0 312.7 1048.3 313.7 1049.0 314.5C1052.2 318.4 1026.6 337.9 1018.2 338.0C1017.3 338.0 1015.7 338.7 1014.7 339.4C1011.6 341.8 1015.1 342.0 1018.9 339.7C1020.8 338.5 1024.0 337.5 1026.1 337.4C1028.2 337.3 1031.4 336.3 1033.3 335.1C1035.2 334.0 1038.3 332.7 1040.1 332.4C1042.0 332.1 1045.5 331.0 1048.0 330.0C1062.5 324.0 1078.1 319.4 1080.6 320.4C1083.0 321.3 1081.3 322.8 1077.2 323.5C1072.9 324.2 1050.6 331.9 1047.5 333.7C1043.5 336.0 1046.8 335.9 1051.3 333.6C1054.6 331.8 1056.1 331.4 1056.6 332.2C1057.0 332.9 1056.5 333.9 1055.6 334.4C1054.6 335.0 1052.2 336.5 1050.3 337.8C1046.0 340.6 1045.2 340.6 1044.0 337.5C1042.4 333.4 1036.8 335.1 1029.9 341.7C1026.4 345.1 1023.2 344.9 1026.0 341.5C1029.5 337.3 1022.0 340.8 1016.5 345.9C1011.3 350.8 1002.0 357.3 1001.3 356.6C1000.7 356.1 998.1 358.9 998.0 360.1C998.0 361.0 1007.3 359.4 1011.0 357.8Z
M833.0 355.4C833.0 354.7 827.6 356.2 826.3 357.3C825.6 357.8 825.3 358.6 825.5 359.1C826.0 359.8 833.0 356.4 833.0 355.4Z
M1437.5 357.0C1432.9 353.4 1432.0 352.2 1432.0 349.3C1432.0 347.9 1429.2 344.6 1424.0 339.7C1418.0 334.2 1416.0 331.7 1416.0 329.8C1416.0 327.3 1413.3 324.2 1406.7 319.5C1404.9 318.2 1403.6 316.0 1403.1 314.0C1402.6 311.3 1400.9 309.3 1396.0 305.3C1390.9 301.3 1389.4 299.4 1389.0 296.9C1388.6 294.4 1387.1 292.5 1383.0 289.2C1380.0 286.8 1376.7 283.1 1375.8 281.0C1374.8 279.0 1371.1 274.7 1367.5 271.6C1363.3 267.8 1361.0 265.1 1361.0 263.7C1361.0 260.9 1360.6 260.4 1353.8 254.7C1350.0 251.5 1348.0 249.1 1348.0 247.7C1348.0 244.9 1347.4 244.2 1341.8 239.6C1338.9 237.3 1337.0 234.9 1337.0 233.8C1337.0 232.6 1334.8 229.8 1331.8 227.1C1322.9 219.2 1322.0 218.2 1322.0 215.7C1322.0 213.9 1320.1 211.7 1315.0 207.4C1309.3 202.7 1307.8 200.9 1307.4 198.0C1306.9 195.1 1305.6 193.6 1300.2 189.5C1295.3 185.8 1293.4 183.7 1293.2 181.7C1293.0 179.8 1289.9 176.3 1282.9 169.7C1277.5 164.5 1273.0 159.6 1273.0 158.8C1273.0 156.4 1276.1 150.9 1277.1 151.5C1278.3 152.3 1278.2 154.7 1276.8 156.9C1275.7 158.6 1276.7 159.9 1285.4 168.1C1291.8 174.2 1295.3 178.2 1295.7 180.1C1296.1 182.1 1298.1 184.3 1302.6 187.6C1306.8 190.7 1309.2 193.2 1309.6 194.9C1310.6 199.6 1311.4 200.7 1317.7 206.0C1322.2 209.7 1324.3 212.2 1325.0 214.8C1325.8 217.5 1327.9 220.0 1332.5 223.8C1336.7 227.3 1339.1 230.1 1339.5 232.0C1339.9 234.0 1341.8 236.1 1345.0 238.5C1348.7 241.2 1350.1 243.0 1350.6 245.6C1351.1 248.1 1352.5 250.1 1356.4 253.1C1361.6 257.2 1363.9 260.3 1364.0 263.0C1364.0 263.9 1367.2 267.4 1371.0 270.9C1375.1 274.5 1378.0 277.9 1378.0 279.1C1378.0 280.1 1379.2 282.0 1380.7 283.3C1387.9 289.1 1392.0 293.8 1392.0 296.2C1392.0 298.0 1393.1 299.5 1396.0 301.5C1401.7 305.5 1406.0 310.6 1406.0 313.5C1406.0 314.9 1406.4 316.0 1406.8 316.0C1409.3 316.0 1419.0 326.3 1419.0 329.0C1419.0 330.7 1419.8 332.4 1420.9 333.2C1427.4 337.8 1435.1 346.2 1435.4 349.0C1435.8 352.1 1437.3 353.8 1442.3 356.6C1443.8 357.4 1444.8 358.5 1444.5 359.0C1443.5 360.6 1441.7 360.1 1437.5 357.0Z
M960.9 353.3C962.8 352.9 968.6 351.2 973.9 349.3C979.2 347.5 985.0 345.8 986.7 345.6C988.5 345.4 991.9 344.3 994.3 343.1C996.7 341.9 999.3 341.0 1000.2 341.0C1002.5 341.0 1010.1 337.4 1009.4 336.7C1007.6 334.9 1014.7 330.3 1020.4 329.6C1025.3 328.9 1028.6 326.9 1035.3 320.6C1038.5 317.6 1041.9 314.8 1043.0 314.5C1044.1 314.1 1045.0 313.4 1045.0 312.9C1045.0 311.6 1044.6 311.7 1040.2 314.0C1038.1 315.1 1034.6 316.2 1032.4 316.4C1030.3 316.5 1026.2 317.8 1023.5 319.2C1020.8 320.6 1015.9 322.3 1012.8 322.9C1009.7 323.6 1006.6 324.7 1006.0 325.5C1005.3 326.3 1003.3 327.2 1001.4 327.6C999.5 327.9 997.7 328.7 997.3 329.3C996.9 329.9 997.3 330.1 998.3 329.7C1000.3 328.9 1001.4 330.4 999.7 331.8C999.1 332.3 996.9 333.2 995.0 333.9C993.1 334.5 988.7 337.6 985.2 340.8C981.3 344.5 977.4 347.1 974.7 347.8C972.4 348.5 970.0 349.3 969.5 349.6C968.9 349.8 967.6 349.4 966.6 348.7C965.0 347.5 965.2 347.1 969.6 343.7C972.2 341.7 974.0 340.0 973.6 340.0C971.9 340.0 967.3 343.1 964.5 346.0C962.9 347.8 959.7 350.6 957.5 352.3C955.3 353.9 954.4 355.0 955.5 354.6C956.6 354.2 959.0 353.6 960.9 353.3Z
M1512.4 352.2C1506.1 346.6 1503.8 334.9 1508.8 334.2C1510.1 334.0 1511.7 334.3 1512.4 334.9C1513.4 335.8 1513.9 335.7 1514.4 334.5C1515.2 332.3 1517.3 333.8 1516.7 336.1C1516.4 337.3 1516.9 338.1 1518.1 338.5C1519.1 338.9 1520.4 339.9 1521.0 340.9C1522.2 343.2 1518.9 346.6 1516.4 345.6C1515.0 345.1 1514.9 345.2 1515.9 346.4C1516.5 347.1 1516.7 348.5 1516.4 349.5C1515.9 350.6 1516.3 351.6 1517.4 352.2C1519.2 353.2 1518.7 355.0 1516.7 355.0C1516.0 355.0 1514.0 353.8 1512.4 352.2Z
M929.0 350.2C928.4 350.0 925.7 350.4 923.2 351.1C919.0 352.3 918.8 352.5 921.0 353.0C923.5 353.7 931.2 350.9 929.0 350.2Z
M1236.6 349.8C1235.2 345.3 1235.1 342.4 1236.4 338.6C1237.5 335.5 1237.6 333.2 1236.9 330.2C1236.4 327.7 1236.4 325.2 1236.9 323.6C1238.0 321.0 1237.7 306.9 1235.9 259.5C1235.8 257.9 1235.4 248.8 1234.9 239.4C1234.3 227.9 1234.3 221.4 1235.0 219.6C1236.4 215.8 1238.3 217.4 1237.6 221.9C1237.3 223.9 1237.5 230.4 1238.0 236.5C1238.7 245.0 1238.7 242.7 1238.3 226.5C1237.4 195.2 1237.4 194.5 1238.5 194.0C1239.9 193.3 1241.8 215.7 1242.0 234.5C1242.2 250.3 1242.7 253.5 1244.8 253.5C1245.8 253.5 1246.2 258.4 1246.5 275.4C1246.7 287.4 1247.3 297.7 1247.8 298.2C1248.4 298.8 1248.2 300.3 1247.3 302.2C1246.4 303.8 1245.4 304.8 1244.9 304.3C1244.2 303.6 1243.4 285.0 1243.1 262.4C1243.0 257.2 1242.7 256.2 1241.2 256.4C1238.7 256.6 1237.9 259.5 1239.1 264.8C1239.7 267.4 1240.1 274.2 1240.0 280.0C1240.0 285.8 1240.2 297.6 1240.4 306.4C1240.7 315.9 1240.5 323.0 1240.0 324.1C1239.3 325.3 1239.3 327.5 1240.0 330.5C1240.8 334.0 1240.7 335.8 1239.6 338.4C1238.7 340.5 1238.4 343.4 1238.7 345.8C1239.2 349.6 1237.5 352.8 1236.6 349.8Z
M1483.0 347.9C1481.1 346.7 1477.8 345.2 1475.7 344.6C1471.0 343.2 1471.2 341.4 1476.1 341.8C1478.4 342.0 1480.1 341.6 1481.0 340.5C1483.0 338.1 1493.2 338.4 1495.5 341.0C1497.3 343.0 1497.3 343.1 1494.4 346.0C1490.4 350.0 1487.3 350.5 1483.0 347.9Z
M1490.8 345.4C1494.2 343.0 1493.4 342.0 1488.1 342.0C1482.4 342.0 1481.0 343.2 1484.2 345.4C1487.0 347.4 1488.0 347.4 1490.8 345.4Z
M952.5 343.7C955.8 342.0 952.6 341.8 948.7 343.5C946.7 344.3 945.0 345.3 945.0 345.5C945.0 346.2 950.0 345.0 952.5 343.7Z
M1327.5 345.1C1325.9 342.4 1326.8 334.6 1328.9 332.8C1330.3 331.8 1331.0 330.2 1330.9 328.8C1330.7 327.5 1331.9 324.0 1333.5 321.0C1336.3 315.5 1336.3 315.5 1335.0 307.5C1334.3 303.1 1333.1 298.7 1332.2 297.7C1330.8 296.2 1330.9 295.7 1332.5 292.7C1334.2 289.4 1334.2 289.2 1332.0 284.3C1329.8 279.6 1325.2 276.1 1322.9 277.5C1322.5 277.8 1320.3 275.7 1317.9 272.9C1314.2 268.5 1313.6 267.0 1313.1 261.7C1312.4 255.5 1312.4 255.5 1311.8 265.5C1311.2 275.9 1311.4 287.6 1312.5 294.5C1312.9 297.2 1312.6 299.2 1311.7 300.4C1310.0 302.7 1307.6 301.7 1308.8 299.2C1309.3 298.3 1309.4 294.1 1308.9 290.0C1307.9 280.1 1308.8 256.0 1310.2 254.3C1312.9 251.0 1316.0 254.3 1316.0 260.4C1316.0 262.3 1316.4 264.9 1316.9 266.2C1318.1 269.2 1324.4 275.7 1325.7 275.3C1327.9 274.5 1332.1 277.1 1333.0 279.7C1333.6 281.3 1334.8 284.0 1335.8 285.8C1337.4 288.9 1337.4 289.2 1335.8 292.1C1334.3 294.7 1334.2 295.4 1335.4 297.3C1336.2 298.5 1337.3 303.1 1338.0 307.5C1339.2 315.3 1339.2 315.6 1336.6 320.9C1335.2 323.9 1334.0 327.9 1334.0 329.7C1334.0 331.8 1333.2 333.8 1331.8 335.2C1330.2 336.8 1329.7 338.4 1329.9 341.1C1330.1 344.7 1328.7 347.0 1327.5 345.1Z
M982.2 339.8C984.9 337.6 987.0 335.4 987.0 334.9C987.0 334.4 988.1 333.5 989.5 333.0C990.9 332.5 992.0 331.6 992.0 331.0C992.0 329.8 990.3 329.7 989.6 330.9C989.3 331.4 987.5 332.1 985.6 332.4C983.7 332.8 981.6 333.7 980.9 334.6C980.2 335.4 979.0 335.8 978.2 335.5C977.0 335.1 977.0 335.2 977.9 336.4C978.7 337.3 978.7 338.0 978.1 338.4C977.5 338.8 977.3 339.7 977.6 340.5C977.9 341.3 977.0 342.5 975.3 343.5C972.7 345.0 972.7 345.0 975.0 344.4C976.4 344.0 979.6 341.9 982.2 339.8Z
M1511.7 340.9C1511.2 337.9 1509.0 336.1 1509.0 338.7C1509.0 341.7 1510.1 344.1 1511.1 343.4C1511.6 343.1 1511.8 342.0 1511.7 340.9Z
M1083.1 327.6C1089.1 322.8 1094.0 318.7 1094.0 318.5C1094.0 316.7 1078.6 328.1 1068.6 337.4L1065.5 340.2L1068.8 338.2C1070.7 337.2 1077.1 332.4 1083.1 327.6Z
M1018.7 335.0C1019.7 334.9 1021.6 334.3 1023.0 333.5C1025.4 332.1 1025.4 332.1 1021.5 332.7C1017.1 333.3 1012.5 335.4 1011.5 337.1C1011.1 337.7 1012.2 337.5 1013.8 336.6C1015.5 335.7 1017.7 335.0 1018.7 335.0Z
M889.8 335.4C893.0 334.5 895.9 333.4 896.5 332.9C897.0 332.4 898.3 331.9 899.5 331.9C901.2 331.8 901.2 331.7 899.7 331.3C898.7 331.0 897.3 331.3 896.6 331.9C895.9 332.5 893.5 333.2 891.3 333.4C887.5 333.8 883.0 335.5 883.0 336.5C883.0 337.3 883.8 337.1 889.8 335.4Z
M841.2 333.0C843.3 331.5 844.7 330.1 844.4 329.8C843.9 329.3 833.0 334.8 833.0 335.5C833.0 336.8 838.1 335.2 841.2 333.0Z
M927.5 331.0C932.4 331.0 935.0 329.9 935.0 328.0C935.0 326.8 937.5 324.6 941.8 321.9C945.5 319.6 949.7 316.4 951.2 314.9C952.8 313.4 955.4 311.8 957.1 311.5C961.1 310.6 971.0 306.0 969.0 306.0C968.1 306.0 965.7 306.9 963.7 307.9C961.6 309.0 958.1 310.1 956.0 310.5C953.9 310.9 951.6 311.8 950.9 312.6C950.3 313.4 948.7 314.0 947.4 314.0C946.2 314.0 943.5 315.0 941.5 316.1C939.5 317.3 936.4 318.6 934.7 319.1L931.5 319.9L934.5 319.8C939.1 319.8 939.3 319.9 938.0 321.5C936.5 323.3 931.9 323.5 930.1 321.8C929.1 320.7 928.6 320.9 927.2 322.6C925.4 324.9 918.0 329.0 915.8 329.0C915.1 329.0 914.5 330.1 914.5 331.4C914.5 332.7 914.8 333.6 915.3 333.3C915.7 333.1 916.3 333.6 916.6 334.4C917.1 335.7 917.8 335.6 920.8 333.5C922.8 332.1 925.8 331.0 927.5 331.0Z
M973.7 333.0C975.2 332.9 978.3 332.1 980.5 331.0C982.7 329.9 985.3 329.1 986.2 329.0C987.1 329.0 988.2 328.5 988.5 328.0C988.9 327.4 990.3 327.0 991.8 327.1C994.8 327.2 1001.8 324.8 1005.3 322.5C1006.5 321.8 1009.6 320.6 1012.2 320.1C1014.8 319.5 1019.5 317.8 1022.7 316.4C1025.9 314.9 1030.2 313.6 1032.3 313.5C1036.7 313.1 1040.5 310.9 1043.8 306.8C1045.1 305.3 1047.5 303.3 1049.2 302.4C1050.8 301.6 1052.0 300.6 1051.7 300.4C1051.4 300.1 1049.5 300.7 1047.3 301.8C1045.2 302.8 1042.0 304.0 1040.1 304.4C1038.2 304.7 1033.8 307.3 1030.2 310.0C1023.8 314.9 1020.8 316.0 1019.5 313.9C1018.7 312.6 1021.9 308.8 1023.1 309.6C1023.6 309.9 1023.7 310.7 1023.3 311.3C1022.6 312.6 1024.1 311.5 1031.1 305.8C1033.6 303.7 1036.4 302.0 1037.3 302.0C1039.2 302.0 1039.3 301.8 1038.4 299.6C1037.9 298.3 1037.4 298.4 1034.7 300.4C1030.6 303.4 1025.4 305.4 1023.6 304.7C1022.8 304.4 1019.7 305.4 1016.6 307.0C1013.5 308.6 1010.8 309.5 1010.5 309.0C1010.1 308.4 1008.3 308.8 1006.2 309.9C1004.2 310.9 1000.5 312.0 998.0 312.3C992.1 313.1 983.3 317.5 985.8 318.5C987.4 319.1 987.4 319.3 985.6 320.6C984.5 321.4 982.8 322.0 981.8 322.0C977.7 322.0 973.9 324.9 975.0 327.1C976.4 329.7 980.1 327.7 987.7 320.3C993.0 315.0 996.6 313.3 999.6 314.4C1001.9 315.3 1000.5 316.7 996.7 317.4C994.4 317.8 992.3 319.3 990.1 322.0C986.1 327.0 978.6 331.4 974.6 331.2C972.7 331.1 970.5 331.8 969.0 333.1C966.9 334.8 966.8 335.0 968.7 334.1C969.9 333.5 972.1 333.0 973.7 333.0Z
M811.5 333.1C810.9 332.0 811.6 331.5 815.2 330.6C816.8 330.3 818.0 329.3 818.0 328.5C818.0 326.2 815.5 326.7 812.1 329.6C808.0 333.0 805.9 331.7 809.5 328.0C812.6 324.8 816.8 323.4 818.3 324.9C819.1 325.7 820.4 325.1 822.6 322.9C824.8 320.7 826.9 319.7 829.1 319.6C831.1 319.5 833.3 318.6 834.7 317.2C836.1 315.8 838.1 315.0 840.3 315.0C842.6 315.0 844.4 314.2 846.0 312.5C848.4 310.0 852.4 309.2 853.5 311.0C853.8 311.6 853.3 312.3 852.3 312.6C848.7 313.7 847.5 314.7 845.9 317.8C843.2 323.1 841.9 324.1 838.6 323.8C834.7 323.4 834.6 321.7 838.4 321.0C841.8 320.4 843.2 318.0 840.2 318.0C837.8 318.0 835.2 320.4 834.0 323.6C832.4 327.7 828.5 329.5 825.5 327.6C823.1 326.0 823.0 326.1 821.5 329.0C819.3 333.3 813.2 335.8 811.5 333.1Z
M863.5 330.8C867.9 329.3 875.5 325.3 875.5 324.3C875.6 323.9 876.2 322.4 876.9 321.2C878.6 318.1 877.6 317.3 875.3 319.9C874.3 321.1 870.6 323.4 867.0 325.1C861.0 327.9 853.3 334.8 858.6 332.6C859.6 332.1 861.9 331.3 863.5 330.8Z
M1037.5 324.3C1042.2 320.1 1046.0 316.5 1046.0 316.3C1046.0 315.3 1041.5 318.6 1036.3 323.3C1033.1 326.2 1029.4 329.4 1028.0 330.3C1026.2 331.6 1026.0 332.0 1027.2 332.0C1028.2 332.0 1032.8 328.6 1037.5 324.3Z
M906.6 328.8C908.7 327.6 912.2 326.3 914.4 325.9L918.5 325.3L913.9 325.1C910.2 325.0 908.6 325.6 905.5 328.0C901.0 331.6 901.5 331.8 906.6 328.8Z
M943.8 326.4C945.0 327.1 955.0 324.2 961.8 321.0C965.3 319.4 969.4 318.0 970.9 318.0C972.3 318.0 975.0 317.1 976.8 316.0C978.6 314.9 981.3 314.0 982.8 314.0C984.3 314.0 986.9 313.1 988.7 312.0C990.5 311.0 994.3 309.8 997.2 309.4C1000.1 309.1 1004.0 307.9 1005.7 306.8C1007.5 305.7 1009.8 305.0 1010.7 305.1C1011.7 305.3 1014.3 304.8 1016.5 304.0C1018.7 303.2 1020.8 302.7 1021.2 302.8C1021.7 302.9 1022.0 302.2 1022.0 301.2C1022.0 299.3 1031.4 291.5 1037.0 288.8C1038.9 287.8 1039.8 287.0 1039.0 287.0C1037.4 287.0 1020.4 296.7 1016.1 300.2C1014.6 301.3 1012.3 302.0 1010.1 301.9C1007.8 301.8 1003.7 303.0 998.6 305.4C993.5 307.7 990.3 308.7 989.7 308.1C988.5 306.9 989.6 303.7 991.0 304.5C991.8 305.0 998.0 302.5 998.0 301.6C998.0 300.9 987.5 303.9 980.7 306.4C977.0 307.8 973.2 309.0 972.4 309.0C971.6 309.0 969.0 309.9 966.7 311.1C964.4 312.2 960.4 313.8 957.8 314.6C955.2 315.4 952.6 316.9 952.0 318.0C951.5 319.0 948.5 321.3 945.5 323.0C940.3 326.0 936.2 329.5 940.9 327.1C942.1 326.4 943.4 326.1 943.8 326.4Z
M967.5 323.6C972.7 321.8 973.7 321.1 971.5 321.1C969.9 321.1 965.8 322.5 962.5 324.1C955.8 327.4 957.1 327.2 967.5 323.6Z
M829.8 324.7C830.4 324.2 831.0 323.5 831.0 322.9C831.0 321.4 828.4 321.9 826.0 323.8L823.8 325.6L826.1 325.5C827.4 325.5 829.1 325.1 829.8 324.7Z
M885.7 321.4C886.9 320.6 888.7 320.0 889.7 320.0C891.8 319.9 896.0 316.7 896.0 315.2C896.0 312.7 880.5 319.5 879.7 322.3C879.1 324.3 881.7 323.9 885.7 321.4Z
M885.5 314.8C888.0 313.6 890.0 312.2 890.0 311.8C890.0 310.5 889.0 310.9 886.3 313.0C884.9 314.1 883.1 315.0 882.4 315.0C881.7 315.0 880.8 315.4 880.5 316.0C879.6 317.5 880.4 317.3 885.5 314.8Z
M926.1 311.0C929.1 309.3 928.3 308.0 925.0 309.1C923.4 309.7 922.0 310.6 922.0 311.1C922.0 312.3 923.7 312.2 926.1 311.0Z
M920.9 307.9C922.4 306.8 924.4 305.8 925.3 305.6C926.2 305.5 927.8 304.6 928.9 303.6C930.1 302.5 931.0 302.3 931.4 302.9C932.6 304.8 936.8 302.0 936.6 299.5C936.5 297.6 936.2 297.4 934.2 298.1C933.0 298.6 932.0 298.7 932.0 298.3C932.0 298.0 931.2 298.4 930.2 299.2C929.3 300.1 926.9 301.5 924.9 302.4C922.9 303.3 920.3 305.4 919.1 307.0C916.6 310.5 917.0 310.8 920.9 307.9Z
M1275.4 307.8C1274.3 306.1 1274.0 227.1 1275.0 226.5C1277.0 225.3 1277.2 230.1 1277.4 268.1C1277.6 305.6 1277.3 310.9 1275.4 307.8Z
M979.6 304.0C982.8 302.9 985.9 301.5 986.4 301.0C987.0 300.4 988.5 300.0 990.0 300.0C993.6 299.9 1011.0 291.2 1011.0 289.4C1011.0 288.7 1005.4 291.3 1003.8 292.7C1002.9 293.5 1000.8 294.3 999.3 294.4C997.8 294.6 992.9 296.4 988.5 298.5C984.1 300.5 978.4 302.9 975.8 303.7C973.1 304.4 971.0 305.3 971.0 305.5C971.0 306.5 973.8 306.0 979.6 304.0Z
M974.1 301.2C977.6 300.1 984.0 297.4 988.3 295.1C992.6 292.9 996.7 291.3 997.4 291.6C998.2 291.9 1001.2 290.8 1004.1 289.1C1007.9 287.0 1010.3 286.3 1012.2 286.7C1013.9 287.0 1015.0 286.8 1015.0 286.1C1015.0 284.4 1024.8 279.8 1025.6 281.2C1026.4 282.5 1023.6 284.8 1020.2 285.7C1019.0 286.0 1018.0 286.6 1018.0 287.1C1018.0 288.2 1018.4 288.2 1021.2 287.1C1022.5 286.6 1024.7 285.9 1026.2 285.6C1027.7 285.3 1029.6 284.2 1030.5 283.3C1031.5 282.4 1033.3 281.5 1034.6 281.4C1035.9 281.2 1038.4 280.4 1040.1 279.6C1041.8 278.7 1043.6 278.3 1044.1 278.6C1044.6 278.9 1044.9 278.1 1044.7 276.9C1044.5 274.6 1046.8 273.3 1058.2 269.7C1061.2 268.7 1072.0 259.9 1072.0 258.4C1072.0 258.2 1070.2 258.9 1068.0 260.0C1065.7 261.1 1063.5 261.8 1063.0 261.5C1061.4 260.5 1051.1 266.0 1049.0 269.1C1046.9 272.0 1043.7 272.9 1042.5 270.9C1042.1 270.3 1042.7 269.6 1043.9 269.3C1045.1 269.0 1046.0 268.4 1046.0 267.9C1046.0 266.9 1044.0 267.6 1034.5 272.0C1030.6 273.7 1025.5 275.8 1023.0 276.7C1020.5 277.5 1016.9 279.8 1014.9 281.7C1012.4 284.1 1011.0 284.8 1010.5 284.0C1009.6 282.6 1015.4 276.3 1018.4 275.4C1020.5 274.7 1020.5 274.7 1018.5 274.0C1015.8 273.0 1010.7 275.9 1012.1 277.6C1012.9 278.6 1011.3 279.8 1005.3 282.5C1001.0 284.5 995.5 287.2 993.0 288.4C990.5 289.7 986.2 291.3 983.4 291.9C980.2 292.7 976.6 294.5 973.8 296.8C971.4 298.8 968.3 301.3 966.9 302.3C965.6 303.3 965.2 303.9 966.1 303.6C967.0 303.4 970.6 302.3 974.1 301.2Z
M1123.6 302.2C1123.2 301.5 1126.0 297.6 1130.5 292.6C1134.6 287.9 1138.0 283.7 1138.0 283.3C1138.0 282.9 1141.4 279.2 1145.5 275.2C1155.6 265.2 1157.5 266.8 1147.6 277.0C1143.4 281.3 1140.0 285.2 1140.0 285.6C1139.9 287.5 1124.3 303.4 1123.6 302.2Z
M1005.1 298.3C1006.5 297.0 1007.9 296.2 1008.2 296.5C1008.5 296.8 1010.3 295.7 1012.1 294.1C1013.9 292.4 1015.8 291.0 1016.2 291.0C1016.7 291.0 1017.0 290.6 1017.0 290.0C1017.0 288.7 1014.2 289.9 1011.6 292.4C1010.3 293.6 1007.0 295.9 1004.2 297.5C1001.4 299.1 999.0 300.8 999.0 301.2C999.0 302.4 1002.4 300.8 1005.1 298.3Z
M1036.6 294.9C1042.1 289.3 1038.6 289.9 1031.1 295.8C1027.8 298.4 1025.1 300.8 1025.0 301.2C1025.0 302.9 1033.2 298.4 1036.6 294.9Z
M1062.5 300.0C1065.0 300.0 1065.0 299.9 1063.6 297.9C1061.4 294.7 1062.4 293.5 1071.2 288.5C1077.6 284.7 1079.4 284.1 1080.6 285.1C1082.2 286.4 1081.8 287.3 1079.5 287.6C1077.4 287.9 1066.8 294.1 1067.4 294.7C1067.7 295.0 1069.9 294.1 1072.4 292.6C1075.2 290.9 1078.3 290.0 1081.0 290.0C1084.7 290.0 1085.8 289.3 1092.3 283.3C1096.3 279.6 1099.7 276.5 1099.9 276.4C1101.3 275.4 1098.6 274.2 1096.9 275.0C1095.8 275.6 1095.2 276.5 1095.5 277.0C1096.4 278.5 1094.4 279.0 1092.5 277.6C1089.6 275.5 1091.3 271.4 1096.2 268.9C1098.5 267.7 1102.7 264.6 1105.5 261.9C1110.8 256.9 1121.3 251.0 1125.0 251.0C1127.4 251.0 1133.5 248.1 1132.7 247.3C1132.4 247.1 1131.2 247.3 1130.1 247.9C1129.0 248.5 1126.8 249.0 1125.3 248.9C1123.8 248.8 1119.4 250.4 1115.7 252.4C1111.9 254.4 1107.9 256.0 1106.7 256.0C1105.5 256.0 1103.2 256.9 1101.5 258.0C1099.9 259.0 1096.2 260.2 1093.3 260.6C1090.4 260.9 1087.5 261.9 1086.9 262.7C1085.8 263.9 1086.0 263.9 1088.3 262.9C1090.4 262.0 1091.3 262.0 1092.5 263.0C1094.2 264.4 1093.5 266.4 1091.4 265.6C1090.6 265.3 1090.3 265.6 1090.6 266.5C1091.0 267.5 1089.6 268.9 1086.5 270.7C1079.1 275.0 1071.9 282.0 1072.5 284.1C1072.9 285.3 1072.2 286.4 1070.3 287.6C1062.3 292.5 1060.2 294.3 1060.7 295.6C1060.9 296.3 1059.9 298.1 1058.3 299.6C1056.1 301.7 1056.0 302.0 1057.7 301.1C1058.9 300.5 1061.0 300.0 1062.5 300.0Z
M1051.0 296.2C1049.6 295.7 1042.0 299.0 1042.0 300.1C1042.0 300.5 1044.3 299.9 1047.1 298.7C1049.9 297.5 1051.6 296.4 1051.0 296.2Z
M941.5 299.0C941.1 298.4 941.4 297.3 942.0 296.5C943.5 294.7 941.5 294.4 939.1 295.9C937.9 296.7 937.9 297.1 938.9 298.4C940.4 300.2 942.5 300.6 941.5 299.0Z
M1018.4 294.8C1020.5 293.3 1022.8 292.0 1023.4 292.0C1024.0 292.0 1025.8 290.9 1027.5 289.5L1030.5 287.1L1025.3 288.9C1020.4 290.7 1012.1 296.6 1012.0 298.3C1012.0 299.2 1013.0 298.7 1018.4 294.8Z
M1074.1 296.4C1076.8 294.9 1078.9 293.5 1078.6 293.3C1078.3 293.0 1076.2 293.9 1073.8 295.3C1071.4 296.6 1068.6 298.0 1067.5 298.3C1065.8 298.7 1065.8 298.8 1067.3 298.9C1068.2 298.9 1071.3 297.8 1074.1 296.4Z
M1053.5 292.3C1057.3 291.5 1061.4 290.0 1062.5 289.0C1063.6 288.0 1066.0 286.5 1067.8 285.6C1069.6 284.7 1070.8 283.5 1070.5 283.0C1069.7 281.6 1068.8 281.7 1064.4 283.7C1062.2 284.6 1060.0 285.3 1059.3 285.1C1057.8 284.9 1051.7 287.9 1044.5 292.5C1037.8 296.8 1036.4 298.9 1042.1 295.9C1044.5 294.7 1049.6 293.1 1053.5 292.3Z
M1099.0 296.0C1101.1 294.9 1103.1 293.6 1103.5 293.0C1103.8 292.5 1105.6 292.0 1107.3 292.0C1111.4 291.9 1112.8 291.1 1124.0 282.0C1138.6 270.1 1139.5 269.3 1133.8 272.4C1131.2 273.8 1128.0 275.0 1126.5 275.0C1122.2 275.0 1115.9 278.9 1107.5 286.8C1103.1 290.9 1098.2 295.2 1096.5 296.2C1092.5 298.6 1094.1 298.5 1099.0 296.0Z
M1099.4 283.2C1103.3 279.7 1109.2 276.7 1111.3 277.2C1112.0 277.3 1115.1 276.2 1118.2 274.7C1121.3 273.2 1124.9 272.0 1126.2 272.0C1127.6 272.0 1129.5 271.3 1130.6 270.5C1134.0 268.0 1128.7 268.6 1122.5 271.6C1119.5 273.0 1116.2 274.0 1115.2 273.8C1114.2 273.7 1112.3 274.2 1110.9 275.1C1109.6 276.0 1106.8 277.3 1104.7 278.0C1102.5 278.7 1097.9 281.9 1094.1 285.5C1090.4 289.0 1086.2 292.2 1084.8 292.5C1083.1 292.9 1082.2 293.8 1082.3 295.0C1082.4 296.8 1089.9 291.6 1099.4 283.2Z
M1097.6 291.6C1103.9 286.8 1111.4 280.0 1110.4 280.0C1108.9 280.0 1102.8 284.0 1097.0 288.8C1094.0 291.4 1091.1 293.7 1090.7 294.0C1087.8 296.4 1094.3 294.1 1097.6 291.6Z
M953.1 287.3C954.1 286.1 953.7 286.2 951.6 287.8C949.8 289.2 947.3 290.0 944.9 290.0C942.8 290.0 940.8 290.5 940.4 291.2C939.9 292.0 940.2 292.1 941.3 291.7C942.2 291.4 943.2 291.5 943.5 292.0C944.2 293.2 951.1 289.9 953.1 287.3Z
M1298.4 290.9C1298.0 290.2 1297.5 286.7 1297.4 283.1C1297.2 279.5 1296.5 275.2 1295.9 273.7C1295.0 271.6 1295.0 270.0 1295.9 267.2C1296.9 264.2 1296.8 262.7 1295.6 259.2C1294.2 255.2 1294.2 254.8 1295.9 253.1C1297.5 251.5 1297.5 251.0 1296.4 248.9C1295.7 247.6 1295.0 245.2 1295.0 243.5C1294.9 237.3 1292.6 233.3 1291.8 238.0C1291.4 240.9 1289.6 241.0 1289.2 238.2C1288.6 233.8 1293.3 231.2 1296.0 234.4C1296.6 235.2 1297.5 238.3 1297.9 241.2C1298.3 244.1 1299.2 247.6 1299.9 248.9C1301.0 250.9 1300.9 251.5 1299.2 253.2C1297.3 255.1 1297.3 255.5 1298.7 259.7C1299.9 263.2 1300.0 264.6 1299.0 267.0C1298.1 269.2 1298.1 270.7 1298.9 273.0C1301.6 280.8 1301.2 295.4 1298.4 290.9Z
M985.7 288.1C989.9 286.9 994.2 284.5 990.5 285.3C989.4 285.6 987.2 286.1 985.6 286.5C984.0 286.8 981.7 287.8 980.6 288.7C979.1 289.8 979.0 290.1 980.2 289.7C981.1 289.4 983.6 288.6 985.7 288.1Z
M1056.4 282.9C1058.7 282.3 1062.4 281.1 1064.7 280.3C1067.0 279.5 1069.3 279.0 1069.8 279.4C1070.3 279.7 1072.4 278.1 1074.6 275.9C1076.7 273.7 1080.2 271.0 1082.2 269.9C1084.3 268.8 1086.0 267.8 1086.0 267.5C1086.0 267.1 1084.6 267.6 1075.5 271.5C1071.1 273.4 1061.1 276.8 1056.2 278.0C1053.6 278.7 1052.0 279.6 1052.0 280.6C1052.0 281.4 1050.3 283.7 1048.2 285.6L1044.5 289.1L1048.4 286.6C1050.5 285.2 1054.1 283.5 1056.4 282.9Z
M959.7 286.3C958.2 284.9 959.2 282.4 962.6 278.9L966.3 275.1L966.7 256.0C967.0 242.0 966.8 236.4 965.9 235.4C965.1 234.4 965.0 233.6 965.7 232.9C966.4 232.2 967.3 232.8 968.5 234.6C969.9 236.8 970.2 239.1 969.8 248.6C969.5 259.2 969.6 259.9 971.5 260.5C973.3 261.0 973.4 261.1 971.8 262.3C969.9 263.8 968.2 273.0 969.9 273.0C970.4 273.0 971.4 272.1 972.1 270.9C972.9 269.3 973.5 269.1 974.3 269.9C975.2 270.8 975.1 271.6 974.2 273.0C973.1 274.8 973.2 275.0 975.5 275.0C977.2 275.0 978.4 275.7 978.9 277.2C980.1 280.1 978.5 281.4 971.4 283.5C968.5 284.3 965.8 285.5 965.5 286.0C964.8 287.1 960.7 287.4 959.7 286.3Z
M1006.5 278.6C1008.9 277.3 1009.0 277.1 1007.2 277.6C1003.1 278.6 994.2 282.8 993.5 284.0C992.8 285.1 1001.2 281.6 1006.5 278.6Z
M970.0 281.0C975.6 278.9 976.1 278.5 974.0 277.9C972.6 277.6 971.6 276.8 971.8 276.1C972.2 274.2 969.0 276.3 965.0 280.5C963.1 282.6 962.0 284.1 962.5 283.9C963.0 283.7 966.4 282.4 970.0 281.0Z
M1049.0 280.1C1049.0 277.4 1050.7 276.4 1058.5 274.2C1062.4 273.1 1068.7 271.0 1072.5 269.6C1076.3 268.1 1080.8 266.4 1082.3 265.8C1088.2 263.5 1083.9 264.1 1076.7 266.5C1072.6 267.9 1068.8 268.9 1068.3 268.8C1067.9 268.7 1066.5 269.2 1065.2 269.9C1063.2 271.0 1056.0 273.7 1049.8 275.7C1048.8 276.0 1048.0 277.0 1048.0 278.0C1048.0 279.0 1047.7 280.6 1047.3 281.6C1046.9 282.8 1047.0 283.1 1047.8 282.6C1048.5 282.2 1049.0 281.1 1049.0 280.1Z
M992.3 272.8C993.3 272.3 994.0 271.7 993.8 271.4C993.2 270.9 984.0 274.0 984.0 274.7C984.0 275.3 990.1 274.0 992.3 272.8Z
M1109.7 272.5C1112.0 271.1 1114.0 269.5 1114.0 269.0C1114.0 268.2 1126.6 256.7 1132.5 252.2L1135.5 249.9L1131.5 252.0C1129.3 253.1 1126.7 254.0 1125.7 254.0C1122.2 254.0 1111.5 259.8 1107.5 263.9C1105.4 266.2 1104.1 268.0 1104.8 268.0C1105.4 268.0 1106.4 267.1 1107.0 266.0C1108.3 263.5 1115.0 258.9 1116.3 259.7C1116.8 260.0 1114.4 262.9 1110.9 266.1C1105.3 271.5 1104.5 271.9 1103.0 270.5C1102.1 269.7 1100.9 269.0 1100.4 269.0C1099.9 269.0 1100.3 269.5 1101.3 270.1C1102.2 270.7 1102.8 271.5 1102.5 272.1C1101.7 273.3 1102.8 275.0 1104.2 275.0C1104.8 275.0 1107.3 273.9 1109.7 272.5Z
M1031.8 270.0C1033.4 268.9 1033.4 268.9 1031.7 269.4C1030.7 269.7 1029.0 270.0 1028.0 270.0C1027.0 270.0 1025.2 270.9 1023.9 272.0L1021.5 274.0L1025.8 272.5C1028.1 271.7 1030.8 270.6 1031.8 270.0Z
M1001.5 269.5C1003.7 268.2 1006.8 267.0 1008.3 267.0C1009.9 267.0 1012.3 266.1 1013.7 265.0C1015.1 263.9 1016.9 263.0 1017.6 263.0C1018.3 263.0 1019.1 262.6 1019.4 262.1C1020.3 260.6 1014.6 262.2 1012.1 264.1C1010.8 265.2 1008.5 266.0 1007.0 266.0C1005.5 266.0 1002.7 267.1 1000.8 268.4C998.9 269.7 996.7 271.0 995.9 271.3C994.8 271.7 994.8 271.9 996.0 271.9C996.8 272.0 999.3 270.9 1001.5 269.5Z
M1122.0 268.6C1124.8 267.3 1126.7 265.9 1126.1 265.6C1124.3 264.4 1126.0 262.2 1132.7 257.1C1136.3 254.3 1138.9 252.0 1138.6 252.0C1136.8 252.0 1114.5 270.8 1116.2 271.0C1116.5 271.0 1119.1 269.9 1122.0 268.6Z
M1142.5 268.0C1141.6 266.5 1153.4 260.0 1157.2 260.0C1159.3 260.0 1197.3 223.3 1208.8 210.0C1211.2 207.3 1212.1 206.8 1213.1 207.7C1214.0 208.6 1208.2 215.0 1187.1 236.3C1162.9 260.8 1159.7 263.6 1157.3 263.3C1155.5 263.0 1153.2 263.7 1151.0 265.3C1146.9 268.0 1143.2 269.2 1142.5 268.0Z
M1078.5 262.8C1081.8 261.7 1085.2 260.2 1086.0 259.5C1086.8 258.8 1090.0 257.9 1093.0 257.5C1096.0 257.1 1099.2 256.1 1100.1 255.3C1101.0 254.6 1103.5 253.6 1105.6 253.3C1107.8 253.0 1110.0 252.4 1110.5 252.0C1114.6 248.8 1123.1 245.2 1125.1 245.7C1126.5 246.1 1127.1 245.9 1126.7 245.2C1126.3 244.7 1127.5 243.0 1129.2 241.5C1135.2 236.7 1137.2 234.6 1138.1 232.3C1138.5 231.1 1140.5 229.4 1142.5 228.6C1144.4 227.8 1146.0 226.8 1146.0 226.5C1146.0 226.2 1145.1 226.4 1143.9 227.0C1142.3 227.9 1141.5 227.8 1140.1 226.6C1138.5 225.1 1138.2 225.2 1136.4 227.1C1135.4 228.3 1133.2 229.9 1131.5 230.7C1129.9 231.6 1127.5 233.1 1126.3 234.2C1124.9 235.5 1123.4 236.0 1122.4 235.6C1120.9 235.0 1121.2 234.4 1124.3 231.9C1128.2 228.7 1128.5 226.1 1124.7 228.2C1123.5 228.8 1120.2 231.5 1117.4 234.2C1114.6 236.8 1111.5 239.0 1110.6 239.0C1109.7 239.0 1106.8 240.1 1104.2 241.3C1101.6 242.6 1097.2 244.3 1094.5 245.0C1091.8 245.7 1087.9 247.4 1086.0 248.7C1084.1 250.0 1081.4 251.0 1080.1 251.0C1077.3 251.0 1067.4 255.5 1066.4 257.3C1065.8 258.2 1065.9 258.2 1067.1 257.3C1070.0 254.9 1080.1 251.7 1081.2 252.8C1082.0 253.6 1081.1 254.4 1078.2 255.6C1075.9 256.5 1074.3 257.7 1074.6 258.2C1075.0 258.7 1073.7 260.8 1071.9 262.7C1069.4 265.4 1069.0 266.1 1070.5 265.6C1071.6 265.2 1075.2 264.0 1078.5 262.8Z
M1132.8 264.8C1138.8 263.4 1144.6 259.4 1154.2 250.4C1158.4 246.4 1163.2 242.4 1164.9 241.5C1166.6 240.7 1168.0 239.7 1168.0 239.4C1168.0 239.1 1165.4 240.2 1162.2 241.9C1159.1 243.5 1154.8 245.2 1152.6 245.5C1149.8 246.0 1147.1 247.7 1142.1 252.3C1138.4 255.7 1133.4 260.2 1130.9 262.2C1126.0 266.3 1126.1 266.5 1132.8 264.8Z
M1054.2 261.3C1057.4 259.8 1060.0 258.3 1060.0 257.8C1060.0 256.7 1059.7 256.7 1054.3 259.4C1051.7 260.7 1047.7 262.5 1045.5 263.4L1041.5 265.0L1045.0 264.5C1046.9 264.2 1051.1 262.7 1054.2 261.3Z
M1032.1 257.2C1034.8 255.7 1037.0 254.2 1037.0 253.8C1037.0 252.6 1036.3 252.8 1032.4 255.5C1030.3 256.9 1027.9 258.0 1027.1 257.9C1024.2 257.6 1023.5 258.0 1025.0 259.0C1027.0 260.3 1026.5 260.4 1032.1 257.2Z
M1068.0 252.0C1068.0 250.2 1066.4 250.3 1063.9 252.1C1060.1 254.7 1061.2 256.6 1065.1 254.3C1066.7 253.3 1068.0 252.3 1068.0 252.0Z
M1048.0 250.5C1048.8 249.8 1050.8 248.8 1052.5 248.2C1054.7 247.4 1055.0 247.1 1053.5 247.1C1051.6 247.0 1044.0 251.4 1044.0 252.6C1044.0 253.2 1045.8 252.2 1048.0 250.5Z
M1012.8 249.6C1014.7 248.4 1014.2 247.3 1011.4 246.6C1008.7 245.9 1006.6 247.0 1005.0 250.0C1004.2 251.5 1004.5 251.6 1007.9 251.0C1010.0 250.6 1012.2 250.0 1012.8 249.6Z
M1078.7 248.0C1080.3 248.0 1082.6 247.3 1083.9 246.4C1085.2 245.5 1089.9 243.4 1094.4 241.8C1098.8 240.2 1104.6 238.0 1107.2 237.1C1109.8 236.1 1114.1 233.3 1116.8 230.8C1122.5 225.5 1125.3 223.8 1127.3 224.6C1128.3 224.9 1129.9 223.8 1131.7 221.5C1133.2 219.5 1136.3 216.6 1138.4 214.9C1143.6 211.1 1141.8 211.2 1136.1 215.0C1133.6 216.7 1131.0 217.8 1130.4 217.6C1129.7 217.3 1129.0 218.0 1128.8 219.3C1128.4 222.1 1110.9 231.0 1105.8 231.0C1104.9 231.0 1103.9 231.4 1103.5 231.9C1103.2 232.4 1101.7 233.1 1100.1 233.5C1098.5 233.8 1095.8 235.5 1094.0 237.1C1091.4 239.6 1090.6 239.9 1089.4 238.9C1087.3 237.2 1078.7 241.9 1074.0 247.4C1070.8 251.1 1070.7 251.3 1073.2 249.7C1074.7 248.8 1077.2 248.0 1078.7 248.0Z
M1256.7 249.3C1254.5 245.5 1254.0 206.9 1256.1 204.4C1258.2 201.9 1258.6 204.2 1258.0 214.0C1257.6 219.2 1257.7 229.1 1258.2 236.0C1258.9 246.9 1258.3 252.0 1256.7 249.3Z
M1062.3 244.9C1066.3 242.8 1066.4 242.7 1064.2 241.9C1061.7 241.0 1055.6 244.5 1056.6 246.2C1057.3 247.3 1057.5 247.3 1062.3 244.9Z
M1152.5 242.4C1157.6 241.5 1168.3 236.0 1165.0 236.0C1163.8 236.0 1161.7 236.9 1160.3 238.0C1158.7 239.2 1156.2 240.0 1153.8 240.0C1149.2 240.0 1144.4 242.5 1143.7 245.2C1143.2 246.9 1143.3 246.9 1145.9 245.1C1147.4 244.0 1150.4 242.8 1152.5 242.4Z
M1141.2 240.6C1142.3 240.9 1144.1 240.3 1145.6 239.1C1147.5 237.6 1149.7 237.0 1153.0 237.0C1156.4 237.0 1158.2 236.5 1159.5 235.0C1160.5 233.9 1162.5 233.0 1163.9 233.0C1165.6 233.0 1169.7 230.5 1175.5 226.0C1180.5 222.2 1187.2 217.1 1190.5 214.6C1200.4 207.1 1200.7 206.8 1195.4 210.0C1192.6 211.6 1189.9 213.0 1189.5 213.0C1189.1 213.0 1187.4 214.0 1185.7 215.2C1183.9 216.5 1181.8 217.3 1180.8 217.2C1179.9 217.0 1177.4 217.8 1175.3 218.8C1173.2 219.9 1170.1 221.1 1168.3 221.4C1166.6 221.8 1162.7 223.6 1159.6 225.5C1156.4 227.4 1153.2 228.6 1152.4 228.3C1150.4 227.6 1141.0 231.9 1141.0 233.6C1141.0 234.2 1138.4 237.2 1135.2 240.1L1129.5 245.4L1134.4 242.7C1137.3 241.1 1140.1 240.2 1141.2 240.6Z
M1081.1 238.2C1083.5 236.6 1086.4 235.0 1087.5 234.6C1088.7 234.1 1089.0 233.6 1088.3 233.3C1087.6 233.1 1084.9 234.0 1082.3 235.4C1079.7 236.8 1076.7 238.1 1075.7 238.4C1074.7 238.7 1074.2 239.4 1074.5 240.0C1075.4 241.5 1076.2 241.3 1081.1 238.2Z
M1323.4 230.9C1315.1 221.3 1295.6 198.1 1289.0 189.8C1286.9 187.3 1286.4 185.9 1287.2 185.4C1288.4 184.6 1288.8 185.0 1305.3 205.1C1311.5 212.6 1320.5 223.3 1325.4 228.9C1331.5 235.9 1334.0 239.4 1333.3 240.1C1332.6 240.8 1329.4 237.9 1323.4 230.9Z
M1072.2 236.8C1073.2 235.8 1074.9 235.0 1076.0 235.0C1077.0 235.0 1079.6 233.9 1081.6 232.5C1083.6 231.1 1086.4 230.0 1087.7 230.0C1089.0 230.0 1091.8 229.2 1093.8 228.1C1102.9 223.6 1104.3 223.0 1106.5 223.0C1107.7 223.0 1109.3 222.3 1110.1 221.4C1110.9 220.4 1112.3 220.0 1114.0 220.4C1116.3 220.8 1118.1 219.6 1125.8 212.5C1134.4 204.8 1137.8 203.0 1138.8 205.8C1139.0 206.4 1137.6 207.6 1135.8 208.4C1131.3 210.4 1126.5 214.6 1127.8 215.4C1129.1 216.2 1141.0 209.2 1141.0 207.7C1141.0 206.2 1150.9 197.0 1152.5 197.0C1153.2 197.0 1154.7 195.8 1155.8 194.2C1157.7 191.7 1157.9 191.6 1158.6 193.4C1159.4 195.4 1159.4 195.4 1149.1 203.4C1143.9 207.4 1142.1 212.3 1146.2 211.2C1147.2 211.0 1147.7 210.4 1147.4 209.8C1146.5 208.4 1148.8 206.2 1152.8 204.9C1154.7 204.3 1158.3 202.5 1160.7 201.0C1165.4 198.0 1168.9 198.0 1169.7 201.1C1170.0 202.2 1170.6 202.7 1171.1 202.4C1171.6 202.1 1171.8 201.5 1171.6 201.1C1170.0 198.6 1185.0 190.0 1190.9 190.0C1192.4 190.0 1194.5 189.1 1195.5 188.0C1196.5 186.9 1198.5 186.0 1199.9 186.0C1201.3 186.0 1204.5 184.6 1207.0 183.0C1209.5 181.4 1212.0 180.0 1212.6 180.0C1217.0 180.0 1228.0 173.3 1241.0 162.6C1252.6 153.2 1253.9 151.3 1246.9 154.1C1240.4 156.6 1239.8 156.9 1238.2 159.2C1237.5 160.2 1236.0 161.0 1234.8 161.0C1233.5 161.0 1233.0 161.5 1233.3 162.4C1233.6 163.2 1233.2 164.4 1232.4 165.1C1231.2 166.1 1230.8 166.0 1230.3 164.2C1230.0 163.0 1229.1 162.0 1228.4 162.0C1224.4 162.0 1225.8 157.3 1231.0 153.5C1233.5 151.6 1233.9 151.0 1232.5 151.0C1229.1 151.0 1223.0 158.6 1223.0 162.8L1223.0 166.5L1225.0 164.0C1226.7 161.8 1226.9 161.7 1227.5 163.3C1229.1 167.3 1224.8 170.0 1221.1 167.4C1219.5 166.2 1219.2 165.3 1219.7 162.9L1220.3 159.8L1215.0 162.5C1210.6 164.7 1208.8 165.1 1205.2 164.6C1202.8 164.3 1200.0 164.5 1199.0 165.0C1197.3 165.9 1192.8 172.4 1192.5 174.5C1192.4 175.1 1192.2 175.8 1192.0 176.2C1191.9 176.7 1191.7 177.5 1191.6 178.1C1191.6 178.7 1189.9 179.3 1188.0 179.5C1184.5 179.7 1170.0 187.4 1170.0 189.1C1170.0 189.5 1169.1 190.4 1167.9 191.1C1165.5 192.3 1160.7 188.9 1161.7 186.5C1162.0 185.5 1161.0 185.7 1158.4 187.1C1156.0 188.3 1152.5 189.0 1149.0 189.0C1143.9 189.0 1143.3 189.2 1141.2 192.3C1140.0 194.1 1139.0 196.1 1139.0 196.7C1139.0 198.8 1136.1 200.4 1135.4 198.6C1134.2 195.4 1126.5 196.5 1123.6 200.3C1122.1 202.2 1121.0 204.2 1121.0 204.8C1121.0 205.5 1120.1 206.5 1119.0 207.2C1117.7 208.1 1117.0 209.6 1117.0 211.8C1117.0 214.7 1116.5 215.3 1113.4 216.6C1110.8 217.7 1109.4 217.8 1108.7 217.1C1107.9 216.3 1108.5 215.6 1110.8 214.8C1113.3 213.8 1114.0 213.0 1114.0 210.9C1114.0 209.5 1114.9 207.5 1116.0 206.5C1119.0 203.8 1118.4 202.9 1114.8 204.8C1113.0 205.7 1109.6 206.4 1107.3 206.3C1102.9 206.1 1101.6 207.2 1094.2 216.9C1092.9 218.6 1090.7 220.3 1089.2 220.7C1087.7 221.0 1085.1 222.2 1083.3 223.2C1081.5 224.3 1079.6 224.9 1079.1 224.6C1078.6 224.2 1078.0 225.2 1077.8 226.7C1077.6 228.7 1076.9 229.6 1075.3 229.8C1074.1 230.0 1071.7 231.5 1069.9 233.1C1068.2 234.7 1066.4 236.0 1066.0 236.0C1065.6 236.0 1064.9 236.7 1064.6 237.6C1063.8 239.8 1069.9 239.1 1072.2 236.8Z
M1100.3 230.1C1103.0 228.9 1105.6 228.0 1106.2 228.0C1108.3 228.0 1114.0 224.7 1113.4 223.8C1113.1 223.3 1112.0 223.6 1111.0 224.5C1110.0 225.4 1108.2 226.2 1106.9 226.2C1105.6 226.3 1103.6 227.0 1102.5 227.7C1101.4 228.4 1099.7 229.0 1098.7 229.0C1097.7 229.0 1095.5 230.0 1093.7 231.2C1091.9 232.5 1090.3 233.6 1090.1 233.7C1090.0 233.8 1090.1 234.4 1090.5 235.0C1091.0 235.8 1091.9 235.5 1093.4 234.1C1094.5 233.0 1097.7 231.2 1100.3 230.1Z
M1139.0 220.3C1143.3 215.8 1143.8 215.0 1141.3 216.5C1137.8 218.7 1128.4 229.0 1131.5 227.2C1132.6 226.6 1136.0 223.5 1139.0 220.3Z
M1075.0 225.1C1075.0 224.0 1076.5 221.5 1078.4 219.6C1080.2 217.6 1081.2 216.0 1080.4 216.0C1078.7 216.0 1073.0 223.0 1073.0 225.2C1073.0 226.2 1073.5 227.0 1074.0 227.0C1074.5 227.0 1075.0 226.1 1075.0 225.1Z
M1156.9 223.5C1158.4 221.9 1158.4 221.8 1156.1 223.0C1154.9 223.6 1153.0 224.0 1151.9 223.7C1150.9 223.4 1149.4 223.7 1148.5 224.4C1147.3 225.3 1147.8 225.5 1151.1 225.3C1153.5 225.3 1155.9 224.5 1156.9 223.5Z
M1146.1 222.4C1146.7 221.6 1147.9 221.0 1148.7 221.0C1149.4 221.0 1150.3 220.3 1150.7 219.5C1151.0 218.6 1152.9 217.1 1154.9 216.0C1158.5 214.2 1165.8 207.2 1163.0 208.3C1162.2 208.6 1159.2 209.7 1156.5 210.8C1153.8 211.9 1150.7 213.1 1149.7 213.4C1148.7 213.7 1148.1 214.4 1148.4 214.9C1148.8 215.4 1147.3 217.1 1145.1 218.7C1139.5 222.7 1138.4 224.7 1142.1 224.2C1143.6 224.0 1145.5 223.2 1146.1 222.4Z
M1090.0 216.2C1090.3 215.9 1089.2 216.0 1087.5 216.4C1085.8 216.8 1083.4 218.3 1082.0 219.7L1079.5 222.3L1084.5 219.5C1087.2 218.0 1089.7 216.5 1090.0 216.2Z
M1175.8 215.6C1178.8 212.5 1168.5 215.2 1164.4 218.6L1161.5 220.9L1168.4 218.5C1172.1 217.2 1175.5 215.9 1175.8 215.6Z
M1175.7 211.0C1177.6 211.0 1180.0 210.0 1181.8 208.5C1183.6 207.0 1186.0 206.0 1187.8 206.0C1189.5 206.0 1191.2 205.5 1191.6 204.9C1191.9 204.3 1194.2 203.0 1196.5 202.0C1200.2 200.4 1219.5 186.6 1224.0 182.3C1225.7 180.6 1216.6 185.9 1210.3 190.2C1208.0 191.7 1205.0 193.0 1203.6 193.0C1202.1 193.0 1199.2 194.1 1197.1 195.5C1194.9 197.0 1192.6 197.8 1191.7 197.4C1190.7 197.1 1186.9 198.4 1182.6 200.5C1178.4 202.5 1173.9 204.3 1172.5 204.4C1171.1 204.4 1170.0 204.8 1170.0 205.2C1170.0 205.6 1167.5 208.6 1164.5 211.9L1158.9 217.8L1165.7 214.4C1169.4 212.5 1173.9 211.0 1175.7 211.0Z
M1185.1 212.1C1186.4 211.1 1188.2 210.0 1189.0 209.7C1189.9 209.4 1189.5 209.1 1187.9 209.1C1186.4 209.0 1184.6 209.7 1183.9 210.6C1183.2 211.5 1181.7 212.6 1180.5 213.0C1178.5 213.9 1178.5 213.9 1180.6 213.9C1181.8 214.0 1183.8 213.2 1185.1 212.1Z
M1157.3 207.5C1160.8 206.1 1164.3 205.0 1165.0 205.2C1165.8 205.4 1166.6 204.7 1166.8 203.8C1167.3 201.3 1166.5 201.5 1157.5 206.0C1148.3 210.6 1148.2 211.1 1157.3 207.5Z
M1216.5 204.1C1216.2 203.6 1219.1 199.9 1223.0 195.8C1226.9 191.8 1233.1 184.7 1236.8 180.1C1240.5 175.5 1244.8 170.2 1246.5 168.5C1248.2 166.7 1249.5 164.7 1249.5 163.9C1249.5 163.1 1250.5 162.5 1252.0 162.5C1253.9 162.5 1254.5 161.8 1255.1 159.1C1256.0 154.9 1258.3 152.5 1260.6 153.4C1262.2 154.0 1262.1 154.2 1260.2 156.1C1259.0 157.2 1258.0 159.1 1258.0 160.4C1258.0 162.1 1256.5 163.9 1253.2 166.5C1250.5 168.5 1246.5 172.7 1244.2 175.8C1241.9 178.9 1237.5 184.2 1234.3 187.6C1231.1 190.9 1226.8 195.8 1224.7 198.3C1220.5 203.4 1217.5 205.6 1216.5 204.1Z
M1181.2 197.9C1184.6 196.2 1188.9 194.6 1190.7 194.5C1192.5 194.3 1195.5 193.2 1197.4 192.1C1199.2 190.9 1201.9 190.0 1203.2 190.0C1204.6 190.0 1207.4 188.7 1209.5 187.0C1211.6 185.3 1213.8 184.0 1214.5 184.0C1215.2 184.0 1216.8 183.1 1218.1 181.9L1220.5 179.8L1218.0 181.4C1216.7 182.3 1214.9 183.0 1214.0 183.0C1213.2 183.0 1210.5 184.4 1208.0 186.0C1205.5 187.6 1202.4 189.0 1201.2 189.0C1199.9 189.0 1197.7 189.9 1196.3 191.0C1194.9 192.1 1192.7 193.0 1191.5 193.0C1188.2 193.0 1181.6 195.5 1177.3 198.4C1172.2 201.9 1173.7 201.7 1181.2 197.9Z
M1167.1 188.2C1167.1 187.8 1167.3 186.5 1167.4 185.2C1167.6 184.0 1169.0 181.6 1170.5 180.0C1172.7 177.7 1173.0 177.0 1171.7 177.0C1169.6 177.0 1165.0 183.7 1165.0 186.7C1165.0 188.8 1166.9 190.1 1167.1 188.2Z
M1180.5 179.1C1183.8 177.5 1187.4 175.9 1188.5 175.5C1189.8 175.0 1190.1 174.6 1189.2 174.3C1188.5 174.0 1186.1 174.5 1183.9 175.4C1181.8 176.3 1179.2 177.0 1178.2 177.1C1177.3 177.1 1174.9 179.0 1173.0 181.3C1170.2 184.6 1170.0 185.1 1172.0 183.7C1173.4 182.7 1177.2 180.7 1180.5 179.1Z
M1238.2 155.4C1239.6 154.2 1243.4 152.2 1246.4 150.9C1249.5 149.7 1252.0 148.1 1252.0 147.4C1252.0 145.7 1237.2 151.9 1232.8 155.5C1230.5 157.3 1229.5 158.7 1230.2 159.1C1231.4 159.9 1234.0 158.7 1238.2 155.4Z